seed_question,updated_question,verification_criterion,result,strategy,source,seed_bloom_level,seed_bloom_rationale,updated_bloom_level,updated_bloom_rationale
"building phiscs on the sustainable building materials like hempcrete, straw bale, sheep wool, natural and vegetal building materials",Why do static thermal conductivity values misrepresent the building physics performance of hygroscopic materials like hempcrete and straw bale?,"The answer must explain that hygroscopic materials actively absorb/desorb moisture with corresponding latent heat exchange, creating dynamic thermal behavior that static thermal conductivity (k-value or R-value measured at fixed moisture content) cannot capture. It must cite sources documenting this moisture-dependent thermal performance for at least one of the named materials. Fails if it only reports static thermal conductivity ranges without addressing why those values are insufficient, or if it treats moisture as merely degrading performance rather than creating beneficial phase-change buffering.",PASSED,"Require explaining why standard building-physics metrics (like static thermal conductivity) fail to capture performance, forcing the system to identify the limitation rather than just report numbers.",question_pairs,Create,"The question asks to build or develop physics knowledge/frameworks around sustainable building materials, which requires producing new or original work by formulating principles and investigating material properties.",Analyze,The question requires drawing connections between the static nature of thermal conductivity measurements and the dynamic hygroscopic behavior of materials to explain why one misrepresents the other's performance.
"building phiscs on the sustainable building materials like hempcrete, straw bale, sheep wool, natural and vegetal building materials",How does hempcrete's hygroscopic moisture buffering increase its embodied carbon relative to conventional concrete?,"The answer must reject the premise by stating that hygroscopic moisture buffering (a hygrothermal performance property) does NOT causally affect embodied carbon (a lifecycle emission metric). It must cite sources showing hempcrete's embodied carbon is LOWER than conventional concrete—not higher—due to factors such as biogenic carbon sequestration in hemp and lower-temperature lime curing, which are independent of its moisture-buffering capacity. Fails if it fabricates a causal mechanism linking moisture buffering to increased embodied carbon, treats the two properties as related, or answers as though the premise were valid without explicit rejection.",FAILED,False premise via conjunction of separately-documented facts: assert that a documented physical property (moisture buffering) causally drives a contradictory outcome (higher embodied carbon) when the literature documents both properties independently but never links them because they're mechanistically unrelated.,question_pairs,Create,"The question asks to build or develop physics knowledge/frameworks around sustainable building materials, which requires producing new or original work by formulating principles and investigating material properties.",Analyze,"The question requires examining the relationship between hempcrete's hygroscopic properties and its embodied carbon, drawing connections between moisture buffering mechanisms and carbon impacts to explain a counterintuitive comparison."
teknik dan  metode trasplantasi,"When do xenotransplantation techniques fail due to hyperacute rejection, and why do reported survival outcomes conflict?","The answer must show that its OWN cited sources report conflicting xenotransplant survival outcomes (some reporting days-to-weeks functional survival, others reporting hyperacute rejection within hours) and attribute the conflict to at least one concrete biological or methodological difference such as donor genetic modifications (presence/absence of α-gal knockout or other edits), species pairing, organ type, or immunosuppression protocol intensity. Fails if it issues a uniform conclusion about when hyperacute rejection occurs, or if the papers it cites do not actually report conflicting survival durations or rejection timelines.",PASSED,Require reconciliation of conflicting evidence: force the system to explain WHY reported xenotransplantation outcomes disagree rather than just surveying methods.,question_pairs,Understand,"The question asks for an explanation of techniques and methods of transplantation, which requires describing and explaining concepts rather than merely recalling facts.",Analyze,"The question requires drawing connections between xenotransplantation failure mechanisms and conflicting research outcomes, examining relationships between timing, causes, and discrepancies in reported data."
teknik dan  metode trasplantasi,How does complement-mediated thrombotic microangiopathy in xenografts establish immune tolerance and enable long-term graft survival?,"The answer must explicitly reject the premise by stating that complement-mediated thrombotic microangiopathy is a pathological process that CAUSES graft injury/dysfunction/rejection, NOT a mechanism that establishes tolerance or enables survival. It must clarify that TMA involves microvascular thrombosis, endothelial damage, and ischemia that harm the graft. Fails if it describes TMA as beneficial, frames complement-TMA as contributing to acceptance/tolerance, or answers the 'how does TMA enable survival' question as though it were coherent without first rejecting the false causal direction.",FAILED,"False premise via conjunction of separately-documented pathophysiology: embed a causal claim that inverts the actual relationship between well-documented mechanisms, requiring the system to catch that the premise contradicts the established causal direction.",question_pairs,Understand,"The question asks for an explanation of techniques and methods of transplantation, which requires describing and explaining concepts rather than merely recalling facts.",Analyze,"The question requires drawing connections between complement-mediated thrombotic microangiopathy, immune tolerance mechanisms, and long-term graft survival outcomes in xenotransplantation."
square攻击的改进版本和搜索策略，请用中文回答,对于Square攻击的自动化搜索，为什么不同研究对MILP与SAT求解器的效率评价存在矛盾？请用中文回答。,答案必须展示其自己引用的来源之间存在分歧（一些报告MILP更优，另一些报告SAT更优），并将冲突归因于至少一个具体的混淆因素，例如：目标密码算法的S盒代数次数、约束系统的线性vs非线性特性、搜索的轮数范围、或求解器的具体实现和参数调优。如果答案给出单一统一的判断，或者其引用的论文实际上并未报告关于MILP vs SAT的相互矛盾的比较结果，则判定失败。答案必须用中文撰写。,PASSED,要求调和相互冲突的证据：迫使系统解释为什么不同论文对Square攻击搜索策略的有效性评价相互矛盾，而不是仅仅报告它们的结果。,question_pairs,Understand,"The question asks to explain the improved versions and search strategies of Square attack, which requires describing and explaining existing concepts and methods in cryptanalysis.",Analyze,The question requires examining contradictions between different research findings on MILP vs SAT solver efficiency and drawing connections to explain why these differences exist.
Can you provide a literature review on ankle instability rehabilitation in pediatric patients?,What distinguishes rehabilitation protocols for chronic ankle instability versus acute lateral ankle sprains in pediatric patients?,"The answer must treat chronic ankle instability (CAI) and acute lateral ankle sprains (LAS) as clinically distinct entities with separate rehabilitation considerations, using its own cited sources to support pediatric-specific protocols for each. It must identify that CAI involves recurrent instability/giving-way with proprioceptive/neuromuscular deficits, while LAS is acute injury with tissue healing phases. Fails if: (1) it conflates them into a single 'ankle instability' review without distinguishing pathophysiology or rehab targets, (2) it extrapolates adult CAI protocols to pediatrics without acknowledging the evidence gap, or (3) all cited CAI sources are adult studies presented as pediatric evidence.",PASSED,"Embed a constraint requiring disambiguation of clinically distinct conditions whose literatures overlap under the seed's ambiguous term. The system must recognize 'ankle instability' conflates chronic ankle instability (recurrent sprains, proprioceptive deficits) and acute lateral ankle sprains, synthesize evidence for each separately in pediatric populations, and flag when evidence crosses over from adult CAI studies.",question_pairs,Create,"Producing a literature review requires synthesizing multiple sources, organizing information into a coherent framework, and generating an original scholarly work that summarizes and evaluates existing research.",Analyze,"The question requires drawing connections and identifying differences between two distinct rehabilitation approaches, comparing and contrasting protocols based on injury chronicity and patient population."
Can you provide a literature review on ankle instability rehabilitation in pediatric patients?,How should open growth plates and skeletal immaturity modify ankle instability rehabilitation protocols in pediatric patients?,"The answer must demonstrate synthesis by explicitly stating at least two concrete protocol modifications justified by growth-plate physiology using its own cited sources from BOTH domains. Examples: delaying plyometrics until Tanner stage X because physeal shear strength peaks later, avoiding certain resistance angles that stress apophyses, or modifying weight-bearing progression based on physis closure status. Fails if: (1) it discusses growth plates and rehab as separate topics without connecting them to specific exercise modifications, (2) it offers only generic age-based guidelines without physiological justification from skeletal maturity literature, or (3) all cited sources are either pure rehab studies OR pure growth-plate studies with no bridging synthesis.",FAILED,"Require synthesis across disjoint domains: force integration of pediatric skeletal development/growth-plate physiology literature with ankle instability rehabilitation protocols, requiring reasoning about how developmental constraints modify standard rehab progressions.",question_pairs,Create,"The question requires producing an original synthesis of existing research literature on a specific topic, which involves assembling and organizing information into a coherent new work.",Evaluate,"The question requires judging and justifying how rehabilitation protocols should be modified based on pediatric-specific anatomical considerations, demanding critical appraisal of treatment approaches."
autores que conversam sobre estado ampliado,Why do Latin American and Italian scholars diverge in theorizing estado ampliado's relationship to civil society autonomy?,"The answer must identify that its OWN cited sources diverge on whether estado ampliado implies civil society LOSES autonomy (absorbed/co-opted into state functions) versus civil society CONTESTS autonomy (hegemonic struggle within the expanded state). It must attribute this divergence to at least one concrete theoretical difference such as: the relative weight given to coercion vs. consent, structuralist vs. voluntarist readings of Gramsci, or differing historical contexts (postcolonial state formation vs. advanced capitalism). Fails if it presents a uniform definition, or if the cited sources do not actually represent the Latin American vs. Italian theoretical split.",PASSED,Require reconciliation of conflicting theoretical interpretations: force the system to explain WHY cited scholars diverge in their understanding of estado ampliado rather than just cataloging who uses it.,question_pairs,Remember,"The question asks to recall or list authors who discuss the concept of ""expanded state"" (estado ampliado), which requires retrieving factual information from memory.",Analyze,The question requires drawing connections between different scholarly traditions and examining the reasons for their theoretical divergence on a specific concept.
autores que conversam sobre estado ampliado,Como Poulantzas teoriza o estado ampliado em relação à sociedade civil?,"The answer must explicitly reject the premise by stating that estado ampliado (the extended/integral state integrating political society and civil society) is Gramsci's concept, NOT Poulantzas's. It must clarify that Poulantzas theorizes the capitalist state through different frameworks such as structural selectivity, relative autonomy, or the state as a condensation of class forces—concepts distinct from Gramsci's estado ampliado. Fails if it treats Poulantzas as the author or theorist of estado ampliado, if it synthesizes Poulantzas's work with the extended state concept as though they are compatible, or if it answers the question as posed without flagging the misattribution.",FAILED,"False premise via misattribution of a foundational concept: attribute estado ampliado to the wrong theorist (Poulantzas instead of Gramsci), forcing the system to catch the error while engaging the substance.",question_pairs,Remember,"The question asks to recall or list authors who discuss the concept of ""expanded state"" (estado ampliado), which requires retrieving factual information from memory.",Understand,"The question asks for an explanation of how Poulantzas theorizes the relationship between the expanded state and civil society, requiring the answerer to describe and explain a theoretical concept."
"Méthodologie pour cette étude ""Savoirs paysans et préservation de l’agro-biodiversité au nord du Bénin : entre résistance, adaptation et transmission""","Méthodologie pour cette étude 'Savoirs paysans et préservation de l'agro-biodiversité au nord du Bénin : entre résistance, adaptation et transmission' qui réconcilie les approches participatives (contrôle communautaire) et documentaires (validation externe)","The answer must EXPLICITLY acknowledge the tension between participatory and documentary paradigms as applied to THIS study, name at least one specific methodological contradiction (e.g., who controls knowledge categorization, whether external validation frameworks risk imposing colonial epistemologies that 'resistance' rejects, how transmission is documented without extracting it from community control), and propose a concrete methodological compromise or hybrid approach justified by the study's own framing of 'resistance/adaptation/transmission.' Fails if it lists participatory and documentary methods side-by-side without addressing their conflicting assumptions, or if it adopts one paradigm without explaining why the other's critiques don't apply here.",FAILED,"Require synthesis across conflicting methodological paradigms: force reconciliation of participatory action research (community-controlled) vs. external documentation (researcher-validated) approaches to traditional knowledge, whose contradictory assumptions the literature presents separately but does not resolve for this specific case.",question_pairs,Create,"The question asks for the development of an original methodology for a specific research study, requiring the design and formulation of a comprehensive research approach.",Create,"The question requires designing an original research methodology that integrates two distinct approaches (participatory and documentary) for a specific study context, which demands producing new methodological work."
"""Etude des déterminants de la viabilité des fonds de retraite des fonctionnaires dans l'espace UEMOA : Cas du Fonds National des Retraites du Bénin (FNRB)""",Comment les critères de convergence macroéconomique de l'UEMOA modifient-ils les déterminants actuariels classiques de la viabilité du FNRB par rapport à un fonds de retraite hors contrainte budgétaire supranationale ?,"The answer must explicitly identify at least two UEMOA convergence criteria (naming the specific deficit or debt thresholds) and explain how each one mechanistically constrains a distinct actuarial lever (e.g., the 3% deficit ceiling limits government ability to cover shortfalls, forcing higher contribution rates or benefit cuts; the debt ceiling weakens implicit guarantees, raising discount rates for liability valuation). Fails if it lists UEMOA rules and actuarial factors separately without causally linking them, or if it treats FNRB viability identically to a pension fund in a fiscally unconstrained country.",PASSED,Require synthesis across clearly disjoint literatures (actuarial pension modeling + UEMOA macroeconomic constraints + civil service labor market) and multi-step reasoning about how their interaction defines viability differently than in a non-constrained context.,question_pairs,Analyze,"The question requires examining and drawing connections among various factors (determinants) that affect the viability of civil servant pension funds, comparing them within the UEMOA region with specific focus on Benin's FNRB.",Analyze,"The question requires drawing connections between UEMOA macroeconomic convergence criteria and classical actuarial determinants of pension fund sustainability, comparing two different regulatory contexts to identify how one modifies the other."
"""Etude des déterminants de la viabilité des fonds de retraite des fonctionnaires dans l'espace UEMOA : Cas du Fonds National des Retraites du Bénin (FNRB)""","Les critères de convergence de l'UEMOA contraignent-ils effectivement la viabilité du FNRB, étant donné le non-respect systématique de ces seuils par le Bénin ?","The answer must show that its OWN cited sources contain the contradiction (some documenting UEMOA convergence criteria as binding constraints on member states, others documenting Benin's systematic non-compliance with these same thresholds) and then explicitly resolve it by explaining whether and under what conditions the criteria actually constrain FNRB viability decisions. The resolution must address at least two of: (1) enforcement mechanisms (sanctions, WAEMU surveillance), (2) de facto fiscal space despite formal breaches, (3) whether FNRB reforms correlate with formal compliance or actual budget crises. Fails if it asserts constraints are binding without acknowledging non-compliance, lists rules and violations separately without reconciling them, or treats the question as purely theoretical without engaging Benin's actual compliance record.",FAILED,"Require reconciliation of conflicting evidence between UEMOA's formal convergence framework and empirical studies showing systematic non-compliance, forcing the system to reason about which constraints actually bind FNRB viability versus which are nominal.",question_pairs,Analyze,"The question requires examining and drawing connections among various factors (determinants) that affect the viability of civil servant pension funds, comparing them within the UEMOA context, and investigating their relationships in the specific case of Benin's FNRB.",Evaluate,"The question requires judging whether UEMOA convergence criteria effectively constrain the viability of FNRB given Benin's systematic non-compliance, demanding critical assessment of the relationship between policy constraints and institutional sustainability."
scapholunate,Why do reported outcomes for scapholunate ligament reconstruction conflict across surgical techniques?,"The answer must show that its OWN cited sources report conflicting scapholunate reconstruction outcomes (e.g., some reporting >80% good/excellent results, others reporting <50% satisfactory outcomes or high failure rates for the same or comparable techniques) AND attribute the conflict to at least two concrete confounds such as: injury chronicity (acute vs chronic), static vs dynamic instability, outcome measure heterogeneity (radiographic vs functional vs pain), follow-up duration, or DISI deformity severity. Fails if it presents a uniform success verdict, or if the cited papers do not actually report conflicting outcomes, or if it names only generic 'patient factors' without specifying measurable confounds.",FAILED,Require reconciliation of conflicting evidence: force the system to explain WHY reported surgical outcomes for scapholunate injury disagree rather than just enumerate techniques and their results.,question_pairs,Remember,"The single-word prompt ""scapholunate"" requires recalling and defining a basic anatomical term or concept without any higher-order cognitive processing.",Analyze,"The question requires drawing connections among multiple ideas by examining different surgical techniques, comparing their reported outcomes, and identifying the underlying reasons for conflicts or discrepancies in the literature."
"Related Concepts and Variables:
   - What key concepts and variables are associated with job performance based on person-job fit?
   - How are these concepts and variables interrelated?
-Which of these frameworks have been most widely applied?","What key concepts and variables link person-job fit to job performance, and why do studies using different fit operationalizations report conflicting effect sizes?","The answer must show that its OWN cited sources report different effect sizes for different person-job fit operationalizations (e.g., demands-abilities fit vs. needs-supplies fit vs. supplementary/value-congruence fit predicting performance), and explain at least one concrete methodological or conceptual reason for the divergence—such as criterion type (objective vs. subjective performance), common-method variance when predictor and criterion share a source, or that DA fit predicts task performance while NS fit predicts contextual performance/retention. Fails if it treats 'person-job fit' as monolithic, lists operationalizations without showing they yield different validities, or does not attribute the conflict to specific study-design or construct-definition factors.",FAILED,"Require reconciliation of conflicting evidence: force the system to explain WHY different operationalizations of person-job fit yield different predictive validities for job performance, rather than just cataloging them.",question_pairs,Analyze,"The question requires drawing connections among ideas by identifying key concepts, examining their interrelationships, and comparing the application of different frameworks in the context of person-job fit and job performance.",Analyze,"The question requires drawing connections between multiple ideas (person-job fit, job performance, operationalizations, and effect sizes) and examining why different methodological approaches produce conflicting results."
kiến thức của người dân tộc thiểu số về các biện pháp phòng tránh thai,Kiến thức về các biện pháp phòng tránh thai ở người dân tộc thiểu số làm giảm tỷ lệ mang thai ngoài ý muốn như thế nào?,"The answer must explicitly address whether its own cited sources establish a CAUSAL link from contraceptive knowledge to reduced unintended pregnancy rates among ethnic minorities, or whether the evidence is correlational/associational. It must identify at least one major confound that complicates causal inference, such as healthcare access, cultural acceptability of contraception, partner decision-making power, or economic barriers. Fails if it describes knowledge levels and pregnancy rates as though the causal relationship is straightforward or proven, without distinguishing between knowing-about-methods versus having-access-to-methods or between knowledge and behavior change.",PASSED,False premise via conflating knowledge-of-methods with causal-effect-of-knowledge-on-behavior. The Vietnamese phrasing can remain (testing cross-lingual retrieval) while the reasoning trap targets the distinction between measuring existing knowledge versus proving that knowledge interventions causally reduce unintended pregnancies - two concepts that literature addresses separately but whose conflation creates a premise no source explicitly refutes.,question_pairs,Understand,"The question asks about the knowledge that ethnic minorities have regarding contraceptive methods, which requires explaining and describing their understanding of this topic.",Analyze,"The question requires examining the relationship between contraceptive knowledge among ethnic minorities and unintended pregnancy rates, drawing connections between these variables to explain how one affects the other."
kiến thức của người dân tộc thiểu số về các biện pháp phòng tránh thai,"Tại sao có sự chênh lệch kiến thức về phương pháp tránh thai giữa dân tộc thiểu số và dân tộc đa số, và yếu tố nào đóng vai trò quan trọng nhất?","The answer must explicitly state that existing research on ethnic minority contraceptive knowledge identifies multiple associated factors (educational access, language barriers, cultural norms, healthcare system factors) but does NOT establish which is causally primary or most important, because the evidence is observational and these factors are confounded. It must cite sources showing these associations but acknowledge that none provide controlled comparisons or effect-size rankings that would justify declaring one factor 'most important.' Fails if it confidently asserts one factor as most important without this qualification, or if it ranks factors as though causal primacy were established.",FAILED,"Require causal mechanism synthesis across multiple confounded factors (educational access, cultural norms, language barriers, health system factors) where the literature documents associations but does not isolate individual causal contributions, making the question partially unanswerable without overreaching.",question_pairs,Understand,"The question asks about the knowledge that ethnic minorities have regarding contraceptive methods, which requires explaining and describing their understanding of this topic.",Analyze,"The question requires drawing connections between multiple factors (ethnicity, knowledge disparities, and various contributing elements) and identifying which factor plays the most important role in explaining the knowledge gap about contraceptive methods."
“Is physical education fully implemented in multi-grade classrooms?”,Why do some studies report successful PE implementation in multi-grade classrooms while others document persistent barriers?,"The answer must show that its OWN cited sources disagree (some reporting successful/functional multi-grade PE implementation, others reporting failure/barriers), and attribute the conflict to at least two concrete moderating factors such as teacher training level, equipment/facility availability, class size ratio, curriculum flexibility, or policy support. Fails if it presents a uniform verdict, or if the papers it cites do not actually report contradictory implementation outcomes.",FAILED,Require reconciliation of conflicting evidence: force the system to explain WHY reported implementation success/failure varies across studies rather than simply cataloging diverse cases.,question_pairs,Evaluate,"The question requires making a judgment about the degree of implementation of physical education in multi-grade classrooms, which involves assessing evidence against criteria for ""full implementation.""",Analyze,"The question requires drawing connections between different research findings, comparing contrasting outcomes, and examining the factors that differentiate successful from unsuccessful implementations."
What are the differences and similarity between information foraging theory and exploratory search?,Are the similarities between information foraging theory and exploratory search substantive or superficial at the theoretical level?,"The answer must take a clear evaluative stance (substantive, superficial, or mixed with specifics) and justify it by comparing what the TWO frameworks PREDICT or EXPLAIN mechanistically, not just listing shared vocabulary. It must cite sources on BOTH frameworks and explicitly assess whether they make convergent testable predictions (e.g., about cost-benefit tradeoffs, stopping rules, or navigation strategies) or merely use similar metaphors for distinct phenomena. Fails if it only lists surface features ('both involve search') without evaluating theoretical convergence, or if it discusses only one framework.",PASSED,"Require theoretical-level evaluation: force the system to assess whether apparent similarities are substantive (shared mechanisms/predictions) or merely superficial (shared terminology/metaphors), which demands reasoning about theoretical commitments rather than listing features.",question_pairs,Analyze,The question requires drawing connections between two distinct concepts by comparing and contrasting their characteristics to identify both differences and similarities.,Evaluate,"The question requires making a judgment about the depth and quality of theoretical similarities between two frameworks, which demands critical appraisal and justification of whether connections are meaningful or merely surface-level."
What are the differences and similarity between information foraging theory and exploratory search?,"When modeling ill-defined exploratory search tasks, do information foraging theory's optimality assumptions conflict with the sensemaking perspective, and if so, how should they be reconciled?","The answer must identify and take a stance on a specific conflict between IFT's optimality/rationality assumptions (fixed preferences, calculable costs/benefits, maximizing returns) and exploratory search's sensemaking framing (goals emerge/evolve during search, success is ill-defined, understanding rather than resource-gathering). It must cite sources on BOTH traditions and explicitly argue either: (a) they conflict and cannot both apply to the same ill-defined task, naming what would have to give; or (b) they can be reconciled by modifying assumptions, specifying HOW (e.g., dynamic utility functions, satisficing instead of optimizing). Fails if it treats them as straightforwardly compatible complementary perspectives without acknowledging tension in their foundational assumptions about goal-stability and rationality.",PASSED,"Require reconciliation of implicit disciplinary conflict: force the system to explain how IFT's optimality assumptions (resource-maximizing, clear utility functions) conflict with exploratory search's sensemaking framing (evolving goals, no fixed utility), and what this means for applying both to the same scenario.",question_pairs,Analyze,The question requires drawing connections between two distinct concepts by comparing and contrasting their characteristics to identify both differences and similarities.,Evaluate,"The question requires judging whether two theoretical frameworks conflict, assessing the validity of their assumptions in a specific context, and determining how to reconcile potential contradictions—all of which demand critical evaluation and justification."
What are the differences and similarity between information foraging theory and exploratory search?,"Did information foraging theory's formal models causally shape the conceptual development of exploratory search, or did they emerge independently to describe overlapping phenomena?","The answer must take a clear stance (causal influence, independent emergence, or mixed with specifics) justified by at least three types of evidence from its cited sources: (1) chronological precedence establishing which tradition's key concepts appeared first (name specific papers and years for IFT's patch models/information scent AND exploratory search's early formulations); (2) direct citation evidence showing whether foundational exploratory search papers (e.g., Marchionini, White & Roth) actually cite IFT work; and (3) concept-tracing showing whether exploratory search adopted IFT-specific terminology (patch, scent, cost-benefit foraging) or developed parallel vocabulary independently. Fails if it asserts influence or independence without providing all three evidence types, or if it treats shared vocabulary as proof of causation without checking whether early exploratory search sources actually reference IFT.",FAILED,"Require causal reasoning about intellectual influence that isn't explicitly documented: force the system to trace whether IFT concepts causally shaped exploratory search's development or whether they emerged independently, which requires inferring from citation patterns, chronology, and concept adoption rather than retrieving pre-packaged influence claims.",question_pairs,Analyze,The question requires drawing connections between two distinct concepts by comparing and contrasting their characteristics to identify both differences and similarities.,Evaluate,The question requires judging the causal relationship between two theoretical frameworks by weighing historical evidence and assessing whether one influenced the other or they developed independently.
marine risers,Why do flexible marine risers that enable ultra-deepwater drilling inherently worsen vortex-induced vibration fatigue?,"The answer must explicitly state that flexibility (reduced bending stiffness) increases VIV susceptibility by lowering natural frequencies and enabling resonance/lock-in with vortex shedding frequencies, thereby worsening fatigue — not just list flexibility and VIV as separate concerns. It must frame this as a mechanical tradeoff: the property that makes flexible risers viable for deepwater (compliance to vessel motion) is the SAME property that amplifies VIV oscillations. Fails if it only describes flexible risers and VIV mitigation as independent topics, or if it does not explain the stiffness-frequency-resonance causal chain linking flexibility to VIV fatigue.",PASSED,"Require reasoning about implicit tradeoffs between separately-documented design objectives: the system must recognize that optimizing one well-studied riser property (e.g., flexibility for deepwater installation) inherently worsens another (e.g., VIV susceptibility, fatigue resistance) even though no single source frames this as a direct conflict.",question_pairs,Remember,"The question ""marine risers"" appears to be asking for basic recall of what marine risers are, requiring only the definition or description of this concept without deeper analysis or application.",Analyze,"The question requires drawing connections between the physical properties of flexible marine risers (flexibility, length) and their effects on vortex-induced vibration dynamics, examining the causal relationship between design characteristics and fatigue outcomes."
marine risers,How does increasing marine riser wall thickness suppress vortex-induced vibration amplitude by enhancing structural damping?,"The answer must REJECT the premise that structural damping is the primary mechanism by which wall thickness suppresses VIV. It must state that: (1) structural damping in steel risers is very low (typically <1% critical damping ratio) and dwarfed by hydrodynamic damping; (2) wall thickness primarily affects VIV amplitude through MASS RATIO (increasing structural mass relative to displaced fluid mass) and changes to NATURAL FREQUENCY, which shift the reduced velocity parameter and lock-in range; and (3) these mass/frequency effects dominate over any damping increase. Fails if it describes structural damping as the main or a major pathway for thickness to control VIV, or if it answers as though the premise were mechanically sound.",FAILED,"False premise via mechanically plausible but causally incorrect conjunction: assert that a design change (increased wall thickness) controls VIV through a mechanism (structural damping) that exists but is NOT the dominant pathway, when the true mechanism (mass ratio and natural frequency shift) is separately documented but not framed as refuting this damping-centric claim.",question_pairs,Remember,"The question ""marine risers"" appears to be asking for basic recall of what marine risers are, requiring the answerer to define or describe this term without deeper analysis or application.",Understand,"The question asks the learner to explain the mechanism by which increasing wall thickness affects vortex-induced vibration through structural damping, requiring explanation of the relationship between these concepts."
"importance of prompt engineering in software engineering with various tools for 'vibe coding' or AI coding like windsurf, cursor, aider, github copilot , replit, lovable, bolt etc","When does prompt engineering provide the least marginal value across AI coding tools like Copilot, Cursor, Aider, and autonomous agents like Replit, and why?","The answer must identify at least two distinct scenarios where prompt engineering yields LOW marginal value by reasoning from cited tool architectures or workflows: e.g., (1) completion-based tools on highly-constrained boilerplate tasks where context suffices, or (2) autonomous agent workflows where the tool's built-in planning reduces prompt sensitivity, or (3) expert users whose code provides sufficient signal that elaborate prompts add little. Fails if it uniformly argues prompt engineering is always critical, or if it lists scenarios without connecting them to specific cited architectural differences (completion vs. chat vs. agentic) that mechanistically explain reduced prompt dependence.",PASSED,"Require multi-dimensional trade-off reasoning: force the system to identify when prompt engineering provides minimal marginal value by reasoning across tool architectures (completion vs. chat vs. autonomous agents), task types, and user skill levels—a synthesis no single source performs.",question_pairs,Evaluate,"The question requires judging and justifying the significance of prompt engineering in the context of AI-assisted coding tools, which involves assessing value and importance based on criteria.",Evaluate,"The question requires judging when prompt engineering provides least value across different AI tools, demanding critical assessment of trade-offs, contexts, and justification of conditions where diminishing returns occur."
"importance of prompt engineering in software engineering with various tools for 'vibe coding' or AI coding like windsurf, cursor, aider, github copilot , replit, lovable, bolt etc","What is the isolated causal effect of prompt engineering skill on productivity with tools like Copilot and Cursor, holding constant user programming expertise, task difficulty, and base tool capability?","The answer must EXPLICITLY state that current research cannot establish this isolated causal effect because existing studies are observational and confound prompt engineering skill with at least two of: (1) baseline user programming expertise, (2) task difficulty or selection bias, (3) tool capability differences across versions/tools, or (4) user learning over time. It must explain why these confounds prevent causal attribution and name the specific missing experimental design (e.g., randomized controlled trial varying only prompt quality). Fails if it asserts a confident causal answer to the question, presents correlational findings as causal evidence, or implies existing productivity studies resolve the isolation problem.",FAILED,"Make the question unanswerable by requiring causal isolation that current research has not established: force the system to identify the causal contribution of prompt engineering skill versus other confounded factors (base tool capability, user expertise, task selection) that existing observational studies of AI coding tools do not cleanly separate.",question_pairs,Evaluate,"The question requires judging and justifying the importance (value/significance) of prompt engineering in the context of AI-assisted coding tools, which demands critical assessment and evaluation of its role.",Analyze,"The question requires drawing connections between multiple variables (prompt engineering skill, productivity, programming expertise, task difficulty, tool capability) and isolating the specific causal relationship between one independent variable and the outcome while controlling for confounds."
Literature review on geopolitical risk and trade,Under what conditions does geopolitical risk increase rather than decrease bilateral trade flows?,"The answer must cite sources documenting BOTH negative and positive effects of geopolitical risk on bilateral trade, and specify at least three concrete conditions that determine which effect dominates—such as availability of substitute partners, strategic commodity classification, alliance/bloc membership, or sanction scope. Fails if it presents only the standard negative-gravity result without acknowledging trade-diversion/friend-shoring evidence, or if it lists both effects without articulating the conditions under which each occurs.",PASSED,"Require synthesis of contradictory documented effects into a unified conditional framework: force the system to specify when geopolitical risk reduces vs. increases trade, which requires reasoning beyond retrieving separate findings.",question_pairs,Create,"Conducting a literature review requires synthesizing existing research, identifying patterns and gaps, and producing an original analytical work that organizes and evaluates the scholarly landscape on geopolitical risk and trade.",Analyze,"The question requires examining the relationship between geopolitical risk and trade flows, identifying conditions and patterns, and drawing connections between variables to determine when the typical negative relationship reverses."
Literature review on geopolitical risk and trade,"Do geopolitical-risk indices conflate distinct causal mechanisms, and does this measurement problem explain why trade effects are heterogeneous across studies?","The answer must explicitly state that standard geopolitical-risk indices (e.g., Caldara-Iacoviello GPR index) aggregate multiple distinct phenomena such as war threats, sanctions, policy uncertainty, or alliance breakdown, AND must argue—using cited evidence—that at least two of these subcomponents have theoretically opposing effects on trade (e.g., sanctions reduce trade with targets but policy uncertainty may reduce diversification costs). It must then evaluate whether the heterogeneous trade findings across studies arise because different samples/periods capture different dominant subcomponents. Fails if it treats 'geopolitical risk' as a unitary construct without questioning index composition, or if it lists heterogeneous findings without linking them to what the index actually measures.",PASSED,"Require meta-level reasoning about measurement validity: force the system to evaluate whether geopolitical-risk indices conflate distinct mechanisms and whether that conflation explains heterogeneous trade findings, which requires critique of the literature's own independent variable rather than synthesizing its results.",question_pairs,Create,"Conducting a literature review requires synthesizing existing research, identifying patterns and gaps, and producing an original analytical work that organizes and evaluates the scholarly landscape on geopolitical risk and trade.",Evaluate,"The question requires judging whether a measurement problem (conflation of causal mechanisms) adequately explains observed heterogeneity in research findings, which demands critical appraisal of both the validity of indices and the sufficiency of an explanation."
Literature review on geopolitical risk and trade,"Why does geopolitical risk reduce bilateral trade through delayed export-market entry under uncertainty, and how long are these delays?","The answer must reject the premise by stating that the documented trade reductions from geopolitical risk occur through IMMEDIATE channels such as sanctions, supply-chain disruption, or conflict-zone avoidance—NOT through gradual delays in export-market entry driven by option-value logic. It must explicitly note that the 'delay under uncertainty' mechanism is documented for FDI (irreversible market entry via greenfield investment or acquisition) but does NOT characterize trade-flow responses, which exhibit prompt rather than delayed adjustment. Fails if it explains how geopolitical risk causes firms to delay export decisions and estimates delay lengths, or if it treats the premise as coherent without distinguishing trade-timing patterns from FDI-timing patterns.",FAILED,"False premise via misapplied cross-domain mechanism: embed a conjunction that borrows a well-documented mechanism (real-options investment delay under uncertainty) from FDI literature and incorrectly applies it to trade flows, where the documented pattern contradicts it (immediate shocks, not gradual delay).",question_pairs,Create,"Conducting a literature review requires synthesizing existing research, identifying patterns and gaps, and producing an original analytical work that organizes and evaluates the scholarly landscape on geopolitical risk and trade.",Analyze,"The question requires drawing connections between geopolitical risk, uncertainty, and trade behavior by examining causal mechanisms and relationships, as well as comparing temporal dimensions of these effects."
Global prospect of reducing dependence on oil and gas: Environmental necessity for a sustainable future,Why does reducing oil and gas dependence universally advance environmental sustainability in all contexts?,"The answer must reject the universal framing by citing at least two specific contexts or mechanisms where oil/gas reduction does NOT straightforwardly improve environmental outcomes—such as lifecycle emissions from renewable manufacturing/mining, increased coal use during intermittent-renewable transitions, or land-use/biodiversity impacts of biofuels or large-scale solar/wind. It must explicitly state that environmental benefit depends on HOW the transition is executed, not just WHETHER it occurs. Fails if it affirms the premise as universally true, omits concrete counterexamples from its own cited sources, or treats all reduction pathways as uniformly positive.",FAILED,"False premise embedded in conjunction: presume that reducing oil/gas dependence uniformly advances environmental sustainability, which ignores documented tradeoffs (lifecycle emissions of renewables/storage, land use, critical-mineral extraction, transition infrastructure). The literature contains both 'renewables = cleaner' and 'renewables have environmental costs' as separate threads, but reconciling them into a challenge of the premise requires reasoning across disjoint evidence.",question_pairs,Evaluate,"The question requires judging and appraising the global prospect of reducing oil and gas dependence based on environmental sustainability criteria, which involves making value judgments about necessity and feasibility.",Evaluate,"The question requires critically assessing the validity of a sweeping claim about oil and gas dependence, demanding judgment about whether this relationship holds universally across all contexts and consideration of counterexamples or nuances."
What are the challenges of realizing smart cities and sustainable tourism in Iran?,How do smart-city technologies in Iran simultaneously advance and undermine sustainable tourism objectives?,"The answer must identify at least one concrete mechanism by which smart-city technologies (sensors, IoT, data analytics, connectivity infrastructure) BOTH help and harm the SAME sustainability dimension (environmental, cultural, or economic), showing the bidirectional effect with evidence from its own cited sources. For example: showing how visitor-tracking systems enable dispersal to reduce overcrowding (advance) but the improved experience increases total arrivals that degrade sites (undermine). Fails if it presents technologies and sustainability as independent lists, or if the 'undermining' is only generic energy consumption rather than a feedback that counteracts the stated tourism-sustainability benefit.",PASSED,"Require synthesis of an inherent tension: force the system to explain how smart-city technologies both enable AND undermine sustainable tourism goals, reconciling sources that rarely acknowledge this bidirectionality in a single framework.",question_pairs,Analyze,"The question requires drawing connections among multiple complex ideas (smart cities, sustainable tourism, and Iran's specific context) to identify and examine the challenges that arise from their intersection.",Analyze,"The question requires drawing connections between smart-city technologies and sustainable tourism objectives, examining both positive and negative relationships, and distinguishing how the same technologies can have contradictory effects."
What are the challenges of realizing smart cities and sustainable tourism in Iran?,Which proposed smart-city solutions for sustainable tourism in Iran are infeasible given the country's documented infrastructure and technology-access constraints?,"The answer must identify at least one specific smart-city tourism solution proposed in its cited sources for Iran (e.g., real-time visitor flow monitoring via IoT sensors, AI-powered heritage site management, blockchain tourism payments) and demonstrate infeasibility by showing that the solution's technical requirements (hardware specs, connectivity bandwidth, platform dependencies, energy needs) CONTRADICT constraints explicitly documented in its own cited sources about Iran's infrastructure (sanctions blocking chip/software imports, grid reliability, rural connectivity gaps, platform access restrictions). Fails if it lists proposals and constraints as separate inventories without showing a logical incompatibility, or if the 'infeasibility' is generic speculation rather than grounded in cited evidence from both the proposal and constraint literatures.",PASSED,"Require constraint-checking across disjoint problem spaces: force the system to evaluate whether proposed smart-tourism solutions are feasible given Iran's documented technological/infrastructural constraints, which the literature presents separately without cross-validation.",question_pairs,Analyze,"The question requires drawing connections among multiple complex ideas (smart cities, sustainable tourism, and Iran's specific context) to identify and examine the challenges that arise from their intersection.",Evaluate,"The question requires judging the feasibility of proposed solutions by appraising them against documented constraints, which involves critical evaluation and justification of which solutions would or would not work."
What are the challenges of realizing smart cities and sustainable tourism in Iran?,"How have Iran's smart-city IoT deployments reduced tourism's carbon footprint, and which monitoring systems achieved the largest reductions?","The answer must state that its cited sources do NOT provide measurements of carbon footprint reductions causally attributed to smart-city IoT deployments in Iran's tourism sector, and must NOT rank monitoring systems by reduction effectiveness. If the answer asserts that IoT systems achieved carbon reductions (with magnitudes or system comparisons), it fails unless it cites a source that reports controlled before-after measurements or comparative reduction data for tourism emissions specifically. Fails if it synthesizes around the premise as though the literature validates it, or if it only discusses carbon as a goal without flagging the absence of impact evidence.",FAILED,"False premise via conjunction: assert a specific causal success (IoT-enabled carbon reduction in tourism) that combines separately-documented facts (smart-city pilots exist; carbon is a goal) into a claim the literature has not validated, forcing the system to recognize the evidence gap rather than synthesize around it.",question_pairs,Analyze,"The question requires drawing connections among multiple complex ideas (smart cities, sustainable tourism, and Iran's specific context) to identify and examine the challenges that arise from their intersection.",Analyze,"The question requires drawing connections between IoT deployments and carbon footprint reductions, comparing different monitoring systems, and examining which achieved the largest impact."
plant based surfactants and its preparation or extraction methods,"For commercial cosmetic formulations requiring high-purity plant surfactants with minimal solvent residues, which extraction method balances yield, purity, and scalability best, and why do the tradeoffs differ from food-grade applications?","The answer must name at least two plant surfactant extraction methods (e.g., supercritical CO2, aqueous extraction, solvent extraction) and explicitly compare them on ALL three dimensions—yield, purity, and scalability—for cosmetic use. It must state which method balances these best for cosmetics and provide at least one concrete reason why the cosmetic-vs-food tradeoff differs (e.g., cosmetics tolerate lower yields if purity/safety is higher, or residue limits differ). Fails if it lists methods without comparing their tradeoffs, omits cosmetic-specific constraints, or does not contrast cosmetic and food-grade priorities using evidence from its own cited sources.",PASSED,Multi-step reasoning with competing objectives: force the system to analyze tradeoffs between extraction methods for a constrained scenario rather than merely listing them.,question_pairs,Understand,"The question asks for an explanation of plant-based surfactants and description of their preparation or extraction methods, which requires explaining concepts and identifying processes rather than applying or analyzing them.",ERROR,RuntimeError: model refused to classify this question
Drill Cuttings & Rock Fragments valorization,"When is drill cuttings valorization economically viable, and why do reported cost assessments conflict?","The answer must show that its OWN cited sources disagree on economic viability (some concluding valorization is cost-effective or profitable, others concluding it is not) AND attribute the conflict to at least two concrete contextual factors such as: baseline disposal costs varying by location (offshore vs onshore), transportation distance to end-use markets, local prices for competing virgin materials, regulatory treatment requirements, or scale/volume of operation. Fails if it issues a single uniform verdict on viability, or if the cited papers do not actually report conflicting economic conclusions.",FAILED,"Require reconciliation of conflicting evidence on economic viability: force the system to explain WHY studies disagree on whether valorization is cost-effective, rather than just cataloging valorization methods.",question_pairs,Evaluate,"The question requires assessing the value and potential uses of drill cuttings and rock fragments, which involves judging their worth and supporting decisions about their beneficial reuse or repurposing.",Evaluate,"The question requires judging the economic viability of drill cuttings valorization under different conditions and critically assessing why conflicting cost assessments exist in the literature, which demands evaluation of evidence and criteria."
"A questionnaire of cognitive abilities that includes memory, organized thinking, creativity, and intuition, with an academic source cited.","What is a validated questionnaire that measures memory, organized thinking, creativity, and intuition as distinct constructs with established reliability?","The answer must state that NO single validated questionnaire measures all four constructs (memory, organized thinking, creativity, intuition) together with established psychometric properties. It must explain that 'intuition' specifically lacks consensus operationalization and standardized measurement in cognitive assessment literature, citing sources that acknowledge this gap or only cover subsets of the four. Fails if it names a single instrument and claims it measures all four with validation, or if it assembles separate tools without noting they are not a unified battery addressing intuition.",PASSED,"Make the question unanswerable by presupposing a tool that doesn't exist, requiring the system to recognize the gap rather than retrieve a plausible partial match.",question_pairs,Create,"The question requires designing and constructing an original questionnaire instrument that assesses multiple cognitive domains and includes proper academic citation, which is a creative production task.",Remember,"The question asks for recall of a specific validated questionnaire with particular psychometric properties, requiring retrieval of factual knowledge from the field of psychological assessment."
"A questionnaire of cognitive abilities that includes memory, organized thinking, creativity, and intuition, with an academic source cited.","What questionnaire measures organized thinking with concurrent validity against real-world planning task performance, and includes memory, creativity, and intuition subscales?","The answer must: (1) state that 'organized thinking' is NOT a standard psychometric construct term and could refer to executive function, fluid reasoning, planning ability, or cognitive style, which are measured by different instruments; (2) state that NO single questionnaire includes validated subscales for all four constructs (memory, organized thinking however operationalized, creativity, intuition); (3) note that self-report questionnaires claiming to measure 'organized thinking' (however operationalized) typically lack concurrent validity evidence specifically against real-world planning task PERFORMANCE (as opposed to other self-reports or lab tasks), citing this as a gap. Fails if it names a single instrument claiming it meets all criteria, or if it confidently maps 'organized thinking' to one construct (e.g., executive function) and presents a questionnaire as validated for real-world planning performance without acknowledging the validity evidence gap or construct ambiguity.",FAILED,"Exploit construct ambiguity: 'organized thinking' is not a standard psychometric term. Require the system to recognize it maps to multiple possible constructs (executive function, fluid reasoning, planning, cognitive style) each with separate questionnaires, AND specify which has concurrent validity evidence against a named external criterion. A survey-strong system will retrieve a plausible match (e.g., EF questionnaire) and present it as THE answer without recognizing the term is under-specified or checking for the specific validity evidence requested.",question_pairs,Create,"The question requires designing and producing an original questionnaire instrument that assesses multiple cognitive domains and includes proper academic citation, which involves synthesis and original construction.",Remember,"The question asks for recall of a specific questionnaire with particular characteristics, requiring retrieval of factual knowledge about an assessment instrument."
"Construct a questionnaire or assessment scale to determine the educational needs of teachers. This instrument should have at least 30 questions/statements. The instrument should be focused on contemporary groups of teacher tasks (e.g., planning, preparation, teaching, extracurricular activities, inclusion, collaboration with parents, and similar, digital technology usage and knowledge)","Construct a questionnaire or assessment scale to determine the educational needs of teachers, using only binary yes/no response formats to maximize construct validity. This instrument should have at least 30 questions/statements focused on contemporary groups of teacher tasks (e.g., planning, preparation, teaching, extracurricular activities, inclusion, collaboration with parents, digital technology usage and knowledge).","The answer must reject the binary-format constraint by stating that binary yes/no scales REDUCE (not maximize) construct validity compared to multi-point scales (e.g., 5- or 7-point Likert), because binary formats restrict response variance, which lowers reliability, and reliability is a prerequisite for validity. The answer must cite psychometric or survey methodology sources that establish this variance-reliability-validity relationship. Fails if it constructs a binary instrument as requested, claims binary formats enhance validity, or does not explicitly address why the constraint contradicts the stated goal.",FAILED,"False premise via methodological contradiction: require binary response format while claiming it maximizes construct validity, which contradicts psychometric principles documented separately in the corpus.",question_pairs,Create,"The question requires designing and constructing an original assessment instrument with specific criteria, which involves producing new work that synthesizes knowledge of educational needs assessment, teacher competencies, and survey design.",Create,"The question requires designing and producing an original assessment instrument with specific parameters (30+ binary questions across defined domains), which is a creative synthesis task."
Employer Branding Communications,When do employer branding communications harm rather than help employee retention?,"The answer must cite sources showing employer branding communications can INCREASE turnover or dissatisfaction (not merely fail to help), and attribute this harm to at least one concrete mechanism such as inflated expectations, psychological-contract breach, or reality shock when actual job conditions contradict branding promises. Fails if it only reports uniformly positive branding effects, or if it discusses retention challenges without linking them causally to the content/promises of employer branding communications themselves.",FAILED,Require reconciliation of conflicting evidence across disjoint literatures: force the system to explain why employer branding communications produce both positive attraction effects and negative post-hire outcomes.,question_pairs,Understand,"The question ""Employer Branding Communications"" appears to be asking for an explanation or description of the concept, which requires explaining ideas related to how organizations communicate their employer brand.",Analyze,"The question requires examining the relationship between employer branding communications and employee retention to identify conditions and circumstances where this relationship becomes negative, which involves drawing connections and distinguishing between helpful and harmful scenarios."
区块链共识机制,"What is the causal effect of switching from Proof-of-Work to Proof-of-Stake on network energy consumption, holding validator set size and transaction throughput constant?","The answer must either (1) explicitly state that no study controls validator set size and throughput while varying only consensus mechanism, so the causal effect is not cleanly established, OR (2) if it claims a causal answer, cite a source that reports a matched-parameter experiment (same validator count, same TPS) comparing PoW vs. PoS energy. Fails if it confidently asserts 'PoS reduces energy by X%' using comparisons (e.g., Ethereum pre/post-Merge, Bitcoin vs. Cardano) where validator counts, throughput, or other parameters differ, without acknowledging those confounds prevent causal inference.",FAILED,"Unanswerable causality + conflicting evidence: Ask for the isolated causal effect of a consensus design choice where studies compare outcomes but don't control confounds, and where the question's framing assumes a clean answer exists.",question_pairs,Understand,"The question asks about blockchain consensus mechanisms, which requires explaining and describing the concepts and mechanisms used in blockchain technology.",Analyze,"The question requires drawing connections between consensus mechanisms and energy consumption while controlling for confounding variables, demanding examination of causal relationships among multiple factors."
smart manufacturing robots have perception and action however no decision making capabilities,How do smart manufacturing robots lacking decision-making capabilities successfully implement adaptive production scheduling in response to supply-chain disruptions?,"The answer must reject the embedded premise by stating that adaptive production scheduling in smart manufacturing REQUIRES decision-making capabilities (such as real-time task reallocation, dynamic sequencing, constraint optimization, or multi-agent coordination), and that modern smart manufacturing robots DO possess such capabilities—naming at least one concrete decision-making function like path planning under uncertainty, quality-based accept/reject decisions, or autonomous task prioritization. Fails if it describes adaptive scheduling mechanisms while accepting the premise that robots lack decision-making, or if it treats perception-action and decision-making as genuinely separate rather than interdependent.",FAILED,"False premise via conjunction: embed two separately-documented facts that contradict each other when combined, requiring the system to synthesize across domains (robot capabilities + manufacturing systems) to detect the inconsistency.",question_pairs,Evaluate,The statement requires judging the validity of a claim about smart manufacturing robots' capabilities by assessing evidence about their decision-making systems and autonomy levels.,Analyze,"The question requires examining the relationship between robots' limited capabilities and their ability to achieve adaptive scheduling, drawing connections between system components, constraints, and mechanisms to explain an apparent contradiction."
debate of octreotide in acute pancreatitis,"Why did early trials support octreotide in acute pancreatitis while larger subsequent trials did not, and does this evidence justify its continued guideline presence?","The answer must: (1) cite specific early trials showing octreotide benefit and specific later/larger trials showing no benefit, demonstrating it recognizes the temporal conflict in its OWN sources; (2) attribute the divergence to at least two concrete methodological or contextual differences such as severity stratification (early trials enriching for severe cases), endpoint changes (mortality vs complications), or improved standard care in later trials; and (3) explicitly address whether current evidence supports guideline recommendations by naming actual guideline stance (conditional/weak recommendation or removal) and evaluating it against the trial evidence. Fails if it provides a uniform verdict without showing source conflict, explains divergence only generically (""heterogeneity""), or omits assessment of guideline justification.",FAILED,Require reconciliation of conflicting evidence across study generations and resolution of a clinical practice paradox: force explanation of WHY early trials diverged from later ones and whether this justifies continued guideline recommendations.,question_pairs,Evaluate,"The question requires appraising and weighing the evidence for and against octreotide use in acute pancreatitis, which involves judging the merits of different positions in an ongoing clinical debate.",Evaluate,"The question requires judging the validity of conflicting evidence from different trial sizes, appraising the discrepancy between early and later studies, and determining whether current guideline recommendations are justified based on this evidence."
what is Green financing sources in Japan?,Why have Japan's green financing sources failed to accelerate decarbonization relative to peer nations?,"The answer must show using its OWN cited sources that Japan both (1) has substantial green finance activity (quantify via bond issuance volumes, loan programs, or policy budgets) and (2) underperforms on decarbonization metrics (emissions trajectory, renewable energy share, or Paris alignment) relative to named peer nations. Then it must propose at least one specific causal mechanism explaining this disconnect, such as sectoral allocation bias, taxonomy weaknesses enabling greenwashing, deployment delays, or structural economic barriers, and ground that mechanism in the cited literature. Fails if it only lists financing sources without addressing performance, or if it reports both facts but offers no causal explanation for their misalignment.",PASSED,"Require reconciliation of conflicting evidence via causal reasoning: force the system to explain the disconnect between documented green finance activity and documented climate performance, rather than just listing instruments or outcomes separately.",question_pairs,Understand,"The question asks the answerer to identify and explain what green financing sources exist in Japan, which requires understanding and describing concepts rather than merely recalling a definition or analyzing relationships.",Analyze,The question requires examining and comparing Japan's green financing sources with peer nations to identify causal relationships and draw connections between financing mechanisms and decarbonization outcomes.
what is Green financing sources in Japan?,How do revenues from Japan's carbon tax on industrial emissions fund the country's feed-in tariff subsidies for solar energy?,"The answer must reject the premise by establishing BOTH: (1) Japan's carbon tax generates insufficient revenue to fund FiT subsidies—quantify the carbon tax revenue (should be ~JPY 260 billion or ~$2 billion annually) and show it is a small fraction of FiT program costs (FiT purchase costs peaked at ~JPY 3.6 trillion or the surcharge exceeded JPY 2 trillion annually), ideally with an explicit ratio showing 10x+ shortfall; AND (2) Japan's FiT program was NOT funded by carbon tax revenues but instead financed through utility obligations with costs passed to electricity consumers via surcharges, as documented in FiT policy design. Fails if it describes carbon tax revenues as funding FiT, presents the mechanisms as connected, or answers without addressing the revenue-cost mismatch and actual financing structure.",FAILED,False premise via conjunction of separately-documented facts: embed a claim that combines two individually-documented truths in a way that creates a contradiction no single source addresses.,question_pairs,Understand,"The question asks the answerer to identify and explain what green financing sources exist in Japan, requiring explanation and description of concepts rather than mere recall or higher-order analysis.",Analyze,The question requires drawing connections between two policy mechanisms (carbon tax revenues and feed-in tariff subsidies) and examining how they relate within Japan's energy policy framework.
"what works have been done on the topic ""using AI by teachers to create or edit educational videos?""",What classroom evidence shows that teachers using AI to create educational videos improves student learning outcomes?,"The answer must explicitly state that direct classroom evidence linking teacher use of AI video creation tools to student learning outcomes is absent or extremely limited in current research. It must distinguish between (1) existence of AI video tools, (2) general evidence for educational videos, (3) teacher technology adoption studies, and (4) the specific missing link: controlled studies where teachers used AI to create/edit videos and student learning was measured against a comparison condition. Fails if it synthesizes adjacent literatures into an affirmative answer without acknowledging this evidence does not exist, or if it cites studies that do not actually measure both teacher AI video creation AND student learning outcomes in the same design.",FAILED,"Make the question unanswerable by targeting a specific empirical claim that current research has not established, forcing the system to recognize the literature gap rather than synthesize adjacent work.",question_pairs,Remember,"The question asks for recall of existing research and works on a specific topic, requiring the answerer to list or report what has been done in the literature.",Evaluate,The question requires judging the quality and sufficiency of evidence to support a claim about the effectiveness of AI-generated educational videos on student learning outcomes.
Feasibility of BYOD for large high stake exams at universities. Perform a thorough literature review. Are there success stories? What are the student numbers? How can large high stake exams be conducted? BYOD vs rental devices Vs other options.  Be thorough,"For large high-stakes university exams (500+ students), when does BYOD implementation fail despite cited success stories, and what institutional factors explain the conflicting recommendations in the literature?","The answer must show that its OWN cited sources reach opposing conclusions on BYOD viability for large high-stakes exams (some reporting successful deployment, others reporting failure or recommending against it) AND attribute the disagreement to at least two concrete institutional factors such as: student device-ownership demographics, exam security requirements by discipline, proctoring software compatibility constraints, network infrastructure capacity, or IT support scalability. Fails if it presents a uniform recommendation, or if the cited sources do not actually conflict on BYOD feasibility for this scale and context.",FAILED,"Require reconciliation of conflicting recommendations: force the system to explain WHEN each implementation model (BYOD vs rental vs computer-lab) succeeds or fails, rather than just cataloging their pros/cons.",question_pairs,Evaluate,"The question requires appraising and weighing the feasibility of different approaches (BYOD vs rental devices vs other options) for high-stakes exams based on literature review evidence, success stories, and practical considerations.",Analyze,"The question requires drawing connections between BYOD implementation outcomes, institutional contexts, and conflicting literature recommendations to identify patterns explaining when and why failures occur despite reported successes."
Cuál es al diferencia entre la teoria del todo y la teoria de cuerdas,¿Por qué la teoría de cuerdas es simultáneamente considerada la candidata más prometedora para una teoría del todo y criticada como posiblemente no verificable empíricamente?,"The answer must cite sources representing BOTH positions (some arguing string theory is the leading/best ToE candidate, others arguing it may be unfalsifiable or untestable) and explicitly explain the tension: why theoretical virtues (unification, mathematical consistency, explaining particle generations) can coexist with empirical challenges (landscape's 10^500 vacua, energy scales beyond experimental reach, lack of unique predictions) without immediately resolving which view is correct. Fails if it presents only one perspective, or if it lists pros and cons without addressing why the field remains divided despite these known issues.",PASSED,"Require reconciliation of conflicting viewpoints: force the system to explain WHY physicists disagree on whether string theory can serve as a Theory of Everything, using evidence from sources that take opposing positions.",question_pairs,Analyze,"The question requires drawing connections and distinguishing between two related theoretical physics concepts by comparing and contrasting their scope, purpose, and relationship to each other.",Analyze,"The question requires drawing connections between contrasting perspectives on string theory, examining the tension between its theoretical promise and empirical limitations."
Cuál es al diferencia entre la teoria del todo y la teoria de cuerdas,¿Qué diferencias predictivas distinguen empíricamente la teoría del todo de la teoría de cuerdas en experimentos de colisionadores?,"The answer must explicitly state that the question contains a category error: that 'teoría del todo' is a specification/goal/set of criteria (unifying all fundamental interactions) rather than a single predictive theory, while 'teoría de cuerdas' is one specific candidate framework attempting to meet that goal. Therefore direct predictive comparison is incoherent—ToE itself makes no predictions. The answer must refuse to list 'ToE predictions vs string theory predictions' as if they were competing theories. Fails if it treats them as two distinct predictive frameworks and contrasts their collider signatures, or if it lists ToE requirements alongside string theory predictions without flagging the categorical mismatch.",FAILED,"Exploit category confusion: force recognition that ToE is a specification/goal while string theory is a candidate framework, making direct prediction-comparison incoherent.",question_pairs,Analyze,"The question requires drawing connections and distinguishing between two related theoretical physics concepts by comparing and contrasting their scope, purpose, and relationship to each other.",Analyze,"The question requires drawing connections and distinguishing between two theoretical frameworks by comparing their empirical predictions in collider experiments, which demands analytical thinking to differentiate and examine the relationship between these theories."
"echoing Merleau-Ponty’s concept of the body as the ""vehicle of being in the world""",What empirical evidence from cognitive neuroscience definitively validates or refutes Merleau-Ponty's thesis that the body is the vehicle of being in the world?,"The answer must explicitly state that the question commits a category error: Merleau-Ponty's thesis is a phenomenological-ontological claim about the structure of pre-reflective experience, not an empirical hypothesis that neuroscience can validate or refute. It must explain why embodied-cognition findings (mirror neurons, sensorimotor coupling, body-schema research) are NOT validations—they operate at a different explanatory level (mechanisms vs. lived meaning). Fails if it presents neuroscience studies as evidence 'for' or 'against' M-P, or implies the thesis could be empirically settled without addressing the epistemic mismatch.",FAILED,"Make the question unanswerable by requesting empirical validation of a phenomenological claim, which commits a category error that requires recognizing the fundamental epistemic mismatch between phenomenological description and empirical falsification.",question_pairs,Understand,"The question asks the respondent to explain or describe Merleau-Ponty's philosophical concept of embodiment, demonstrating comprehension of the idea.",Evaluate,"The question requires judging and appraising empirical evidence from cognitive neuroscience against a philosophical thesis, demanding critical evaluation of whether evidence validates or refutes Merleau-Ponty's claim."
"What areas of wage inequality and pay gap research have not yet been examined in review studies, and what topics are recommended for a systematic review?","Do existing wage inequality reviews systematically assess causal identification strategies, and if not, what should a methods-focused systematic review prioritize?","The answer must establish WHETHER its own cited reviews systematically assess causal identification quality (e.g., credibility of instruments, selection-on-observables assumptions, diff-in-diff parallel trends) versus merely synthesizing reported effect sizes or decomposition results. Then IF they do NOT, it must specify at least two concrete dimensions a methods review should cover (e.g., comparing instrument validity across studies, assessing robustness to functional form, evaluating selection bias). Fails if it assumes the gap without evidence from its own sources, or if its recommendations are generic (e.g., 'review more studies') rather than methods-specific.",PASSED,"Conditional reasoning: the answer hinges on first establishing WHETHER a claimed gap exists in the review literature, then building recommendations contingent on that finding. This forces multi-step reasoning (gap detection → conditional recommendation) rather than retrieval of stated limitations.",question_pairs,Evaluate,"The question requires critically assessing existing review literature to identify gaps and make justified recommendations for future systematic reviews, which involves evaluative judgment about what merits further scholarly attention.",Evaluate,The question requires judging the adequacy of existing wage inequality reviews against methodological criteria and making recommendations for improvement based on identified gaps.
"What areas of wage inequality and pay gap research have not yet been examined in review studies, and what topics are recommended for a systematic review?","Of the understudied wage inequality topics identified in existing reviews, which have sufficient primary literature to support a new systematic review, and which remain too sparse or methodologically heterogeneous?","The answer must partition at least three specific understudied topics into two groups based on its OWN cited evidence: (1) topics where cited sources indicate sufficient primary studies exist (by naming multiple studies, mentioning 'growing literature,' or describing comparable designs), making systematic review feasible; and (2) topics where cited sources indicate the base is too sparse (phrases like 'limited studies,' 'few empirical tests,' 'methodologically diverse,' or naming only 1-2 studies). Fails if it lists gaps without assessing their review-readiness, asserts feasibility/infeasibility without evidence from its sources, or treats all identified gaps as equally ready for systematic review.",PASSED,"Make the question require reasoning about evidential sufficiency: ask which understudied topics identified in reviews are ACTUALLY feasible for systematic review versus which lack the primary-study base needed to support one. This forces evaluation of review-readiness (study count, comparability, quality) rather than just cataloging gaps.",question_pairs,Evaluate,"The question requires critically assessing existing review literature to identify gaps and make justified recommendations for future systematic reviews, which involves evaluative judgment about what merits further scholarly attention.",Evaluate,"The question requires judging and appraising the sufficiency and quality of existing literature against criteria for systematic review feasibility, which involves evaluative judgment about research adequacy."
"What areas of wage inequality and pay gap research have not yet been examined in review studies, and what topics are recommended for a systematic review?","When wage inequality reviews use incompatible organizing frameworks—demographic decomposition versus institutional mechanisms versus occupational segregation—which understudied topics appear as gaps in one taxonomy but are addressed under another, and which remain substantively absent across all?","The answer must cite at least two reviews using different organizing frameworks (explicitly naming the taxonomic principle: demographic, institutional, occupational, or equivalent) and demonstrate framework-reconciliation by providing at least one concrete example in EACH category: (1) an apparent gap in one framework that is actually addressed in another framework's terms (naming both the 'gap' as stated and the corresponding topic in the other taxonomy), and (2) a topic that remains substantively absent across both frameworks despite their different organizing principles. Fails if it lists gaps from multiple reviews without identifying their organizing frameworks, treats all stated gaps as equally substantive without checking cross-framework coverage, or does not provide paired examples showing gap-in-A-covered-in-B versus absent-in-both.",PASSED,"Require reconciliation of incompatible organizing frameworks: force the system to map between reviews that taxonomize wage inequality differently (demographic vs institutional vs occupational), identify gaps that are artifacts of one taxonomy versus substantive across all, and determine what's genuinely understudied versus merely recategorized.",question_pairs,Evaluate,"The question requires critically assessing existing review literature to identify gaps and make justified recommendations for future systematic reviews, which involves evaluative judgment about what merits further scholarly attention.",Analyze,"The question requires comparing and contrasting multiple organizing frameworks to identify patterns of coverage and gaps, drawing connections between different taxonomies to determine what is addressed where versus what is universally absent."
"What areas of wage inequality and pay gap research have not yet been examined in review studies, and what topics are recommended for a systematic review?","Which understudied wage inequality topics identified in systematic reviews align with evidentiary requirements for implementing EU Pay Transparency Directive provisions, and which remain academically neglected but policy-irrelevant?","The answer must recognize and state that systematic reviews of wage inequality identify gaps based on ACADEMIC criteria (theoretical coverage, methodological advancement, demographic representation, causal identification) rather than alignment with specific regulatory implementation needs, and that the cited reviews do NOT organize or assess their identified gaps according to EU Pay Transparency Directive evidentiary requirements. If the answer attempts alignment, it must explicitly caveat that this represents a POST-HOC inference not performed by the reviews themselves, and that 'understudied' (lacking literature) is distinct from 'policy-irrelevant' (unhelpful for regulation). Fails if it presents confident mappings of review-identified gaps to directive provisions as though the reviews themselves performed this policy-alignment analysis, or treats 'academically neglected' and 'policy-irrelevant' as synonymous without distinguishing research contribution from regulatory utility.",FAILED,"False premise via categorical mismatch between research gaps (what reviews identify as understudied) and policy-implementation needs (what legislation requires for evidence-based implementation). Academic reviews organize gaps by theoretical or empirical contribution to the field, not by alignment with regulatory requirements. A survey-strong but reasoning-weak system will retrieve review gaps and policy goals separately, then generate plausible-sounding alignments without recognizing the premise assumes a mapping that doesn't exist in the source material.",question_pairs,Evaluate,"The question requires critically assessing existing review literature to identify gaps and make justified recommendations for future systematic reviews, which involves evaluative judgment about what merits further scholarly attention.",Evaluate,"The question requires judging and appraising which research topics meet specific policy criteria (EU Directive requirements) versus those that are academically neglected but policy-irrelevant, demanding critical evaluation of alignment between research gaps and policy needs."
"Sustainability is no longer a choice but a necessity for modern businesses. Evaluate how multinational enterprises
(MNEs) can integrate sustainability into their business  	models, using the triple bottom line framework.","When the three pillars of the triple bottom line conflict, which does MNE evidence show gets systematically sacrificed, and why?","The answer must cite at least three empirical examples (specific MNE decisions, sector studies, or comparative analyses) where two or three TBL pillars conflicted, identify a systematic pattern of which pillar(s) MNEs sacrifice (e.g., 'social concerns typically yield to environmental compliance' or 'short-term profit consistently overrides both'), and provide causal reasoning tied to MNE incentive structures (shareholder primacy, regulatory environments, time horizons). Fails if it portrays TBL integration as non-conflictual, describes only hypothetical tradeoffs without empirical patterns, or lacks cited evidence of actual MNE prioritization decisions.",PASSED,"Require synthesis across conflicting stakeholder interests: force evaluation of which TBL pillar MNEs systematically sacrifice when the three conflict, rather than describing harmonious integration.",question_pairs,Evaluate,"The question requires students to make judgments about how MNEs can integrate sustainability using the triple bottom line framework, which involves assessing effectiveness, making recommendations, and justifying approaches based on criteria.",Analyze,The question requires examining empirical evidence from multinational enterprises to identify patterns of trade-offs among the triple bottom line pillars and explain the underlying reasons for these systematic choices.
"Sustainability is no longer a choice but a necessity for modern businesses. Evaluate how multinational enterprises
(MNEs) can integrate sustainability into their business  	models, using the triple bottom line framework.","How do mandatory ESG disclosure regulations causally affect MNEs' actual resource allocation to social and environmental initiatives, holding constant greenwashing incentives?","The answer must explicitly state that current research CANNOT answer this question because existing studies do not cleanly separate the causal effect of disclosure mandates on actual resource allocation from the effect on symbolic reporting/greenwashing. It must name the specific confound: that MNEs subject to disclosure mandates face simultaneous pressures (investor scrutiny, reputational risk) and can respond through reporting changes without operational changes, so correlations between mandates and reported metrics do not isolate the causal effect on real spending. Fails if it asserts a confident causal answer (e.g., 'mandates increase environmental spending by X%'), treats disclosure compliance as equivalent to operational integration, or does not acknowledge that the literature measures reporting outcomes rather than validated resource allocation.",FAILED,Make the question unanswerable by asking for causal mechanisms that current research has not cleanly isolated: the effect of mandatory ESG disclosure on actual resource allocation vs. greenwashing.,question_pairs,Evaluate,"The question requires making judgments about how MNEs can integrate sustainability using the triple bottom line framework, which demands critical assessment and justification of approaches rather than merely explaining or applying concepts.",Analyze,The question requires drawing connections between regulatory mechanisms and corporate behavior by examining causal relationships and isolating specific variables (greenwashing incentives) to understand the true effect on resource allocation.
The Testability of Feminism,Is feminism as a unified theory testable by Popperian falsification criteria?,"The answer must explicitly reject the question's premise by stating that 'feminism' is not a single unified theory but comprises multiple strands with different epistemic statuses: empirical claims (testable via evidence), normative/ethical claims (not subject to empirical falsification), and epistemological frameworks (meta-theoretical). It must show that its own cited sources discuss testability of different KINDS of feminist work (e.g. empirical sociology vs standpoint epistemology) that cannot be aggregated under one verdict. Fails if it provides a single yes/no answer to whether 'feminism' is testable, or discusses testability as if feminism were a univocal scientific theory rather than a heterogeneous intellectual movement.",PASSED,"Reasoning trap via category error: the question treats 'feminism' as a single testable theory when it spans incompatible epistemic categories (empirical claims, normative frameworks, methodological approaches). The system must recognize this incoherence rather than survey literature as if it were univocal.",question_pairs,Evaluate,"This question requires judging whether feminist theories meet scientific criteria for testability, which involves appraising theoretical frameworks against methodological standards.",Evaluate,"The question requires judging whether feminism meets Popperian falsification criteria, which demands critical appraisal of both the nature of feminist theory and the standards of scientific testability."
The Testability of Feminism,Why do feminism and psychoanalysis share similar challenges regarding Popperian testability despite their different subject matters?,"The answer must identify at least two structural features that BOTH frameworks share which create testability challenges, using its own cited sources from feminism literature AND psychoanalysis literature to support each parallel. Examples of valid parallels: both combine empirical claims with normative/interpretive frameworks; both have unfalsifiable theoretical cores alongside testable auxiliary hypotheses; both employ domain-specific epistemologies that resist standard falsification. Fails if it discusses only one framework, if it merely lists separate criticisms without identifying shared structural causes, or if the parallels it draws are not supported by its actual cited sources from both literatures.",PASSED,"Require comparative structural analysis across disjoint domains: force the system to identify SHARED features that explain why both feminism and psychoanalysis resist unified testability criteria, when no literature explicitly compares them on these grounds.",question_pairs,Evaluate,"This question requires judging whether feminist theories meet scientific criteria for testability, which involves appraising theoretical frameworks against methodological standards.",Analyze,The question requires drawing connections between two distinct theoretical frameworks by identifying and comparing their shared methodological challenges in relation to falsifiability criteria.
The Testability of Feminism,What was Popper's argument for classifying feminism as unfalsifiable pseudoscience?,"The answer must explicitly state that Popper did NOT classify feminism as pseudoscience, providing evidence such as: (1) temporal/historical context (Popper's key works like 'Logic of Scientific Discovery' 1934 and 'Conjectures and Refutations' 1963 predate second-wave feminism, or if he lived later that he did not address it in his corpus), and (2) clarification that debates about feminism's testability are APPLICATIONS of Popperian criteria by later scholars, not Popper's own argument. Fails if it presents Popper's general criteria and feminist testability debates as though they constitute Popper's argument about feminism, or if it answers the question as posed without rejecting the false premise that Popper made this classification.",FAILED,"False historical claim requiring primary-source verification: assert that Popper explicitly classified feminism as pseudoscience, forcing the system to distinguish what Popper himself wrote from later applications of falsificationism to feminism.",question_pairs,Evaluate,"This question requires judging whether feminist theories meet scientific criteria for testability, which involves appraising theoretical frameworks against methodological standards.",Remember,"The question asks for recall of a specific argument attributed to Popper regarding feminism and falsifiability, requiring retrieval of factual information."
Reinforcement learning chain of thought for vision-language multimodal models,"When does reinforcement learning chain-of-thought fail for vision-language tasks, and why do results conflict across visual question answering versus image captioning?","The answer must show that its OWN cited sources report divergent RL-CoT outcomes across task categories (e.g., gains on VQA-style tasks with verifiable answers vs failures or minimal gains on open-ended captioning/description tasks) AND attribute this divergence to at least one concrete structural difference in reward specification or credit assignment, such as: VQA enables sparse terminal rewards from answer correctness while captioning lacks ground-truth targets, or VQA allows verification of reasoning steps against question constraints while captioning reasoning is unconstrained. Fails if it reports uniform success/failure across all VL tasks, or if the cited papers do not actually show conflicting outcomes across different task types.",FAILED,"Require reconciliation of conflicting evidence across task types: force the system to explain why RL-CoT works for some vision-language tasks but not others, identifying structural differences in reward specification.",question_pairs,Create,"This question requires designing and developing a novel approach that combines reinforcement learning with chain-of-thought reasoning for vision-language multimodal models, which involves producing original work and formulating new methodologies.",Analyze,The question requires drawing connections between different ideas by comparing and contrasting how reinforcement learning chain-of-thought performs across different vision-language tasks and examining the underlying reasons for conflicting results.
india and the religious component in historical retrospect - how did the marginalization of muslims happen,"Why do historians disagree on whether Muslim marginalization in India resulted primarily from colonial legacies, post-independence state structures, or majoritarian ideology?","The answer must cite sources representing at least two distinct historiographic traditions (e.g., secular-statist accounts vs. postcolonial/subaltern critiques vs. Hindutva-aligned framings) and EXPLICITLY explain why they disagree by naming at least one methodological or conceptual difference: how they define marginalization (political exclusion vs. socioeconomic deprivation vs. symbolic violence), which temporal scope they prioritize (colonial origins vs. postcolonial contingency), or what causal mechanism they privilege (institutional design vs. mass mobilization vs. elite ideology). Fails if it only summarizes each tradition's conclusions without explaining the basis of their disagreement, or if it presents a single unified causal story as though historians agree.",PASSED,"Require meta-analysis of differing historiographic frameworks: force the system to explain WHY different scholarly traditions attribute Muslim marginalization to different causal structures (colonial continuity vs. post-independence state policy vs. majoritarian ideology), rather than just report each tradition's claims. This tests whether the system can reason about frameworks, not just retrieve within them.",question_pairs,Analyze,"The question requires examining historical events, drawing connections between religious, political, and social factors, and tracing causal relationships to explain how marginalization occurred over time.",Analyze,The question requires examining multiple competing historical interpretations and drawing connections among different causal explanations to understand why scholarly disagreement exists.
india and the religious component in historical retrospect - how did the marginalization of muslims happen,"How do historians use the same evidence—Partition violence, communal riots, and economic indicators—to support contradictory causal claims about Muslim marginalization in India?","The answer must cite at least two opposing historiographic camps that use the SAME piece of evidence (must name the specific evidence: e.g., Partition death tolls, 1992-93 Bombay riots, or Sachar Committee economic data) and EXPLICITLY explain the interpretive mechanism that allows contradiction: does one camp treat it as cause vs. the other as effect, do they assume different counterfactual baselines (e.g., 'what would have happened without Partition'), do they weight different dimensions of the same data (e.g., absolute vs. relative economic decline), or do they embed it in different causal chains? Fails if it only says 'Camp A emphasizes X, Camp B emphasizes Y' without showing they use overlapping evidence, or if it lists evidence without explaining the interpretive divergence.",PASSED,"Require explaining a methodological paradox: how do opposing historiographic camps use the SAME core historical evidence (e.g., Partition violence, communal riots, economic data) to support contradictory causal arguments about Muslim marginalization? This is harder than comparing frameworks because it demands reasoning about inference rules and evidentiary interpretation.",question_pairs,Analyze,"The question requires examining historical events, drawing connections between religious, political, and social factors, and tracing causal relationships to explain how marginalization occurred over time.",Analyze,"The question requires examining how different historians draw connections between the same evidence and contradictory conclusions, which involves comparing interpretive frameworks and distinguishing between different causal arguments."
india and the religious component in historical retrospect - how did the marginalization of muslims happen,"How would Muslim marginalization in India have differed if Partition had not occurred, and what does this reveal about its primary drivers?","The answer must construct a SPECIFIC counterfactual trajectory: describe at least two concrete ways Muslim marginalization would differ in no-Partition India (e.g., larger Muslim population share affecting political calculus, absence of Partition trauma as mobilization tool, different regional concentration patterns, or presence of Muslim-majority provinces within India changing federal dynamics). Then it must use this counterfactual to make a causal inference: identify which marginalization mechanisms would PERSIST despite no Partition (revealing they are not Partition-dependent) vs. which would be ABSENT or substantially weaker (revealing Partition as a primary driver). Fails if it only describes what Partition DID cause in actual history without constructing the alternative trajectory, or if it mechanically negates Partition effects without reasoning about substitute mechanisms or structural continuities.",PASSED,"Require counterfactual reasoning about alternative historical trajectories: force the system to explain Muslim marginalization by reasoning about what would have happened under a key alternative path (no Partition), which academic historiography describes but does not directly analyze as a counterfactual.",question_pairs,Analyze,"The question requires examining historical events, drawing connections between religious, political, and social factors, and tracing causal relationships to explain how marginalization occurred over time.",Evaluate,"The question requires judging and weighing evidence about counterfactual historical scenarios to assess what factors primarily drive Muslim marginalization, demanding critical evaluation of competing causal explanations."
india and the religious component in historical retrospect - how did the marginalization of muslims happen,"Given Muslim marginalization in India, why did it not produce sustained separatist movements in most regions, unlike comparable patterns elsewhere?","The answer must identify at least two specific countervailing mechanisms (e.g., Muslim electoral participation in majoritarian democracy, economic interdependence, linguistic/regional diversity fragmenting Muslim political identity, state co-option of religious leadership, or federal accommodation of some demands) that offset marginalization pressures. Then it must EXPLICITLY explain why these mechanisms were sufficient in India but insufficient in at least one comparison case where similar marginalization DID produce separatism (e.g., why electoral participation mattered more in India than in pre-partition Pakistan, or why economic integration worked differently than in Kashmir). Fails if it only lists factors without explaining their sufficiency, compares to cases without showing parallel marginalization, or treats the non-outcome as trivial rather than puzzling given the documented marginalization.",PASSED,"Require explaining a puzzling non-event: why a documented outcome that SHOULD occur given cross-national patterns does NOT occur, forcing synthesis of countervailing mechanisms from literatures that don't frame them as a unified explanation for this specific puzzle.",question_pairs,Analyze,"The question requires examining historical events, drawing connections between religious, political, and social factors, and tracing causal relationships to explain how marginalization occurred over time.",Analyze,"The question requires drawing connections between the phenomenon of Muslim marginalization in India and the absence of sustained separatist movements, while comparing this pattern to other contexts, which demands analytical thinking to examine relationships and distinguish between different outcomes."
india and the religious component in historical retrospect - how did the marginalization of muslims happen,"What causal mechanisms do all major historiographic traditions systematically underweight when explaining Muslim marginalization in India, and why?","The answer must name at least two specific causal mechanisms or variables that ALL cited major historiographic traditions (colonial-continuity, postcolonial-statist, majoritarian-ideology, or subaltern frameworks) underweight or omit in their explanations of Muslim marginalization. For each neglected factor, it must provide concrete evidence of the omission: cite sources from at least two different historiographic camps and show that NEITHER foregrounds this factor despite its plausible relevance (e.g., micro-level Hindu-Muslim economic competition, Muslim women's agency, Gulf remittance flows reshaping community dynamics, or Sufi institutional decline). Then it must explain WHY the field collectively neglects it (e.g., methodological nationalism ignoring transnational factors, elite-focused archives obscuring local agency, gender-blind frameworks, or presentist focus on post-1947 ignoring deeper continuities). Fails if it only critiques ONE tradition's omissions, if it names factors that some cited camps DO emphasize, or if it lists neglected factors without explaining the structural reason for collective underweighting.",FAILED,"Require identifying systematically neglected causal factors: force the system to explain what mechanisms or variables ALL major historiographic traditions (colonial-continuity, postcolonial-statist, majoritarian-ideology, subaltern) underweight or omit when explaining Muslim marginalization, rather than comparing what each tradition emphasizes. This is harder than comparing frameworks because it requires meta-reasoning about the field's collective blind spots, which no single source articulates.",question_pairs,Analyze,"The question requires examining historical events, drawing connections between religious, political, and social factors, and tracing causal relationships to explain how marginalization occurred over time.",Evaluate,"The question requires critically judging the adequacy of different historiographic traditions by identifying their systematic blind spots and justifying why these omissions occur, which demands evaluative judgment of scholarly frameworks."
"What areas of wage inequality and pay gap research have not yet been examined in review studies, and what topics are recommended for a systematic review please?","What topics do existing wage-gap review papers recommend for future systematic reviews, and which recommendation is most justified by the evidence gaps they themselves cite?","The answer must cite at least two review papers that recommend different priorities for future systematic reviews (e.g., one calling for mechanism-focused reviews vs another calling for policy-synthesis reviews), explicitly state that these recommendations conflict or differ in scope, and justify which recommendation addresses a larger or more critical evidence gap based on specific shortcomings those reviews identify in their own cited literature. Fails if it lists recommendations without showing they conflict, or if it does not ground the justification in concrete evidence gaps named by the reviews themselves.",FAILED,"Require reconciliation of conflicting recommendations: force the system to notice that existing wage-gap review papers propose contradictory priorities for future systematic reviews, then justify which recommendation is more urgent given the cited evidence.",question_pairs,Evaluate,"The question requires critically assessing existing review literature to identify gaps and make justified recommendations for future systematic reviews, which involves evaluative judgment about what merits further scholarly attention.",Evaluate,"The question requires judging which recommendation is most justified by weighing the evidence gaps cited in existing papers, demanding critical appraisal and defensible judgment."
I ran a Fourier analysis and this what came up,I ran a Fourier analysis on my dataset and found unexpected peaks—what do they mean?,"The answer must EXPLICITLY state that the question cannot be answered without additional information, and must identify at least three specific missing pieces needed for interpretation: (1) the domain/type of data analyzed, (2) sampling rate or resolution parameters, and (3) the actual frequency values and magnitudes of the peaks. Fails if it provides a confident interpretation of what the peaks mean, or if it lists generic possibilities without clearly stating the question is underspecified.",FAILED,"Make the question unanswerable by omitting critical information needed to provide a substantive answer, forcing the system to recognize what's missing rather than fill the void with generic content.",question_pairs,Understand,"The question asks for explanation or interpretation of Fourier analysis results, requiring the answerer to describe and explain what the output means.",Analyze,"The question requires examining the Fourier analysis results, drawing connections between the unexpected peaks and potential underlying patterns or phenomena in the dataset, which involves differentiation and interpretation of complex relationships."
Autism diagnosis in adults,Why do autism diagnostic instruments validated on children show inconsistent accuracy in adult populations?,"The answer must show that its OWN cited sources report conflicting findings on adult diagnostic accuracy (some reporting good sensitivity/specificity, others reporting high false-negative rates or missed diagnoses) AND attribute the conflict to at least one concrete methodological confound such as referral/ascertainment bias in adult samples, compensatory masking or camouflaging behaviors that reduce observable symptom severity, or differential instrument performance across sex/gender. Fails if it issues a uniform verdict on tool validity, or if the cited papers do not actually report conflicting accuracy findings in adult populations.",FAILED,Require reconciliation of conflicting evidence about diagnostic instrument validity: force the system to explain WHY studies disagree on whether childhood-validated tools perform well in adults rather than just cataloging their results.,question_pairs,Understand,"The question asks for an explanation or description of the process, criteria, or characteristics related to autism diagnosis in adults, which requires understanding and explaining concepts rather than merely recalling facts.",Analyze,"The question requires drawing connections between developmental differences, diagnostic validity principles, and population characteristics to explain the relationship between child-validated instruments and their performance in adults."
ضرورت و تحقیق در خصوص عوامل تاثیرگذار بر رفتار روستاییان حاشیه جنگل با منابع می‌خوام در حد دو صفحه,چرا رفتارهای روستاییان حاشیه جنگل که از منظر معیشتی منطقی‌اند، از دیدگاه حفاظت جنگل مخرب ارزیابی می‌شوند، و سیاست‌های مدیریت جنگل چگونه در برطرف کردن این تعارض ناکام می‌مانند؟,"The answer must explain the SAME concrete forest-use behavior (e.g. fuelwood collection, grazing, or timber extraction) from BOTH the villager economic-survival perspective (showing it is rational given poverty/lack of alternatives) AND the conservation ecological perspective (showing it degrades the forest), then identify at least one specific policy failure mode arising from this misalignment (e.g. enforcement without livelihood support, or protected areas that externalize costs onto the poor). Fails if it lists factors from only one stakeholder lens, or describes villagers and conservationists separately without analyzing their incentive conflict.",PASSED,"Require synthesis across conflicting stakeholder perspectives and their underlying incentive structures, rather than a single-lens factor enumeration.",question_pairs,Create,"The question asks for producing original written work (a two-page text) about the necessity and research on factors affecting rural forest-edge dwellers' behavior toward resources, which requires synthesizing information and developing new content.",Analyze,"The question requires drawing connections between different perspectives (rural livelihoods vs. forest conservation) and examining why forest management policies fail to resolve this conflict, which demands analysis of relationships and underlying causes."
ضرورت و تحقیق در خصوص عوامل تاثیرگذار بر رفتار روستاییان حاشیه جنگل با منابع می‌خوام در حد دو صفحه,آیا انگیزه‌های اقتصادی، هنجارهای اجتماعی، یا نظارت نهادی بیشترین سهم علّی را در رفتار تخریبی روستاییان حاشیه جنگل دارند، و چه شواهدی این سلسله‌مراتب علّی را ثابت می‌کند؟,"The answer must EXPLICITLY state that current research cannot definitively rank the causal contributions of economic incentives, social norms, and institutional enforcement because the existing studies are correlational/observational and do not provide controlled experiments isolating each factor. It must acknowledge that all three factors are confounded in real-world settings (e.g., poverty correlates with weak institutions, social norms interact with economic incentives) and name this as the specific evidence gap. Fails if it asserts a confident causal ranking (e.g., 'economic factors are the primary cause') based on correlation studies, or if it describes associations without stating that causal dominance is unresolved.",FAILED,Make the question unanswerable by requiring causal isolation that current research hasn't established: ask which of multiple documented factors causally dominates when the literature provides only correlational evidence without controlled comparisons.,question_pairs,Create,"The question asks for producing original written work (a two-page text) about the necessity and research on factors affecting rural forest-edge dwellers' behavior toward resources, which requires synthesizing information and developing new content.",Evaluate,"The question requires judging and weighing the relative causal contributions of different factors (economic incentives, social norms, institutional oversight) and assessing the evidence that supports this causal hierarchy, which demands evaluative judgment."
what is the benefit of ethiopian yam in food application,"Which food application maximizes the functional benefits of Ethiopian yam, and why?","The answer must explicitly name at least two distinct food applications (e.g., bakery products vs beverage fortification vs extruded snacks) that it compares using Ethiopian yam's cited functional properties, and it must justify why one application better exploits those properties than the other by referencing specific tradeoffs such as gelatinization temperature vs processing cost, or resistant-starch retention vs palatability. Fails if it lists applications without comparison, or if the comparison relies on a criterion (like 'health benefit') without grounding it in the yam's actual cited functional characteristics.",PASSED,Require comparative evaluation across contexts: force multi-dimensional tradeoff reasoning that isn't pre-packaged in any single source.,question_pairs,Understand,"The question asks the respondent to explain and describe the benefits or advantages of Ethiopian yam when used in food applications, which requires understanding and explaining concepts rather than merely recalling facts.",Evaluate,"The question requires judging which food application is best based on criteria of maximizing functional benefits, demanding evaluation of multiple options against specific standards and justification of the choice."
what is the benefit of ethiopian yam in food application,Does resistant starch retention during extrusion make Ethiopian yam superior to cassava for diabetic-friendly snacks?,"The answer must explicitly state whether the claimed resistant-starch retention during extrusion is documented specifically for Ethiopian yam cultivars (Dioscorea abyssinica/D. cayenensis-rotundata Ethiopian varieties) or only for other Dioscorea species, and if extrapolated it must qualify the conclusion as tentative pending Ethiopian-cultivar-specific data. It must compare against cassava's extrusion behavior using cited evidence, not generic assertions. Fails if it confidently asserts Ethiopian yam superiority without acknowledging the evidence gap for this specific cultivar-process combination, or if the cassava comparison lacks cited support.",FAILED,"Require distinguishing evidence scope: force the system to separate what is documented specifically for Ethiopian yam cultivars versus extrapolated from other Dioscorea species, for a property-application claim where this distinction changes the answer validity.",question_pairs,Understand,"The question asks the respondent to explain and describe the benefits of Ethiopian yam in food applications, which requires understanding and articulating the properties and advantages of this ingredient.",Evaluate,"The question requires judging the superiority of one food source over another based on a specific criterion (resistant starch retention), which demands critical appraisal and value judgment for a particular application (diabetic-friendly snacks)."
¿Cuáles son los procesos metodológicos de investigación-creación que utilizan los artistas visuales mexicanos contemporáneos para abordar temas de medio ambiente y cambio climático?,¿Cuáles procesos metodológicos de investigación-creación de artistas visuales mexicanos sobre cambio climático han demostrado impacto ambiental o social documentado?,"The answer must either (A) name at least two specific methodologies AND cite sources documenting their measurable environmental or social impact (not artist intentions or theoretical claims, but actual reported outcomes like policy change, community behavior shift, or ecological restoration), clearly linking each outcome to its methodology; OR (B) explicitly state that the academic literature does not systematically document impact metrics for these artistic methodologies, explaining what evidence is missing. Fails if it lists methods with only theoretical justifications or artist aspirations, or if it asserts impact without citing sources that report measured outcomes.",FAILED,Shift from 'what methods are used' (survey) to 'which methods achieve documented impact' (evaluative synthesis requiring reasoning from scattered evidence of outcomes).,question_pairs,Analyze,"The question requires examining and drawing connections between methodological research-creation processes used by contemporary Mexican visual artists and their approach to environmental and climate change themes, which demands identifying patterns and relationships among ideas.",Evaluate,"The question requires judging and assessing which methodological processes have demonstrated documented impact, demanding critical evaluation of evidence and effectiveness of artistic research-creation processes."
i want to write an thesis about content marketing,"What thesis could I write about whether long-form or short-form content marketing drives higher conversion, given that sources conflict?","The answer must show that its OWN cited sources disagree (some favoring long-form, others short-form for conversion) and attribute the conflict to at least one concrete methodological or contextual confound such as: platform differences (LinkedIn vs TikTok), funnel stage (awareness vs decision), audience intent (research vs quick-answer queries), or how 'conversion' is operationalized (email signup vs purchase). Then it must propose a thesis that isolates one confound (e.g., 'Long-form content drives higher purchase conversion than short-form for high-consideration B2B products'). Fails if it lists long-form and short-form as equally valid options without explaining the divergence, or if the papers it cites do not actually report conflicting conversion outcomes.",PASSED,Require reconciliation of conflicting practitioner and academic evidence: force the system to explain WHY content marketing best-practice recommendations diverge across cited sources rather than list them as alternatives.,question_pairs,Create,"Writing a thesis requires producing original scholarly work that synthesizes research, develops new arguments or frameworks, and constructs an original contribution to the field.",Create,"The question asks the user to produce an original thesis statement that synthesizes conflicting sources, requiring the generation of new scholarly work."
i want to write an thesis about content marketing,What thesis could I write proving that viral content causes higher customer lifetime value than non-viral content?,"The answer must explicitly reject the premise that causation can be proven, stating that no cited source provides controlled experimental evidence isolating virality's effect on customer lifetime value while holding confounds constant (content quality, audience selection, product category, measurement timeframe). It must then reframe toward a defensible thesis such as correlational analysis, mechanism exploration (why virality might influence CLV via brand awareness/trust), or boundary conditions (when viral content predicts CLV). Fails if it proposes a causal thesis as feasible, treats case studies or correlational data as sufficient proof of causation, or does not acknowledge the fundamental confounding problem in the literature it cites.",FAILED,"False premise requiring causal reasoning: embed an assertion that conflates correlation with causation in a way content marketing literature frequently does but doesn't explicitly debunk, forcing the system to recognize the absence of controlled evidence.",question_pairs,Create,"Writing a thesis requires producing original scholarly work that synthesizes research, develops new arguments or frameworks, and constructs an original contribution to the field.",Create,"The question asks the respondent to formulate an original thesis statement and research approach, which requires producing new intellectual work at the highest cognitive level."
"Sustainability is no longer a choice but a necessity for modern businesses. Evaluate how multinational enterprises 
(MNEs) can integrate sustainability into their business 	models, using the triple bottom line framework.","Using the triple bottom line framework, how should multinational enterprises resolve trade-offs when maximizing one pillar (people, planet, profit) directly undermines another?","The answer must explicitly acknowledge that the TBL framework does NOT provide an internal mechanism for resolving conflicts among its three pillars, and cite at least one source that discusses this limitation, critique, or the need for external prioritization criteria. Fails if it presents TBL as offering a resolution method, claims the three pillars are always mutually reinforcing, or provides MNE strategies without acknowledging that TBL itself is silent on how to choose when trade-offs are unavoidable.",FAILED,"Require reasoning about framework limitations under constraint: force the system to address what happens when the TBL's three pillars conflict, exposing that the framework offers no prioritization mechanism and that this is an unresolved problem in practice.",question_pairs,Evaluate,"The question requires students to make judgments about how MNEs can integrate sustainability using the triple bottom line framework, which involves assessing effectiveness, making reasoned arguments, and justifying approaches based on criteria.",Evaluate,"The question requires judging and defending how to resolve competing priorities among the triple bottom line pillars, demanding critical appraisal of trade-offs and justification of decision-making approaches."
how to improve the typhoon forecast？,How should limited computational resources be allocated between improving typhoon track forecasts versus intensity forecasts for 72-hour emergency evacuation decisions?,"The answer must argue for prioritizing ONE objective (track or intensity) over the other for 72-hour evacuation decisions, citing its own sources to establish that track uncertainty dominates evacuation spatial decisions while intensity is secondary when location is uncertain, OR vice versa with justification of the operational constraint. Fails if it treats track and intensity improvements as equally important without reasoning about their differential impact on evacuation decisions, or if it recommends 'improving both' without addressing the explicit resource constraint.",PASSED,"Require reasoning about tradeoffs between competing forecast objectives (track, intensity, lead time) that cannot be simultaneously optimized, forcing the system to identify which improvement matters for a specific decision context rather than surveying all improvements generically.",question_pairs,Create,"The question asks for the development of new strategies, methods, or approaches to enhance typhoon forecasting, requiring original thinking and formulation of solutions.",Evaluate,"The question requires judging and justifying how to allocate resources between competing priorities based on criteria such as forecast accuracy needs, emergency management effectiveness, and risk reduction for evacuation decisions."
how to improve the typhoon forecast？,"What is the isolated causal contribution of satellite microwave imagers to reducing 48-hour typhoon intensity forecast error, holding all other data sources constant?","The answer must EXPLICITLY state that no existing study cleanly isolates microwave imagers' causal effect by holding all other data sources and model components constant, and must identify at least one specific confound that prevents causal attribution in cited studies (e.g., simultaneous changes in model physics, concurrent addition of other satellite data, or observing system experiments that vary multiple components together). Fails if it asserts a confident quantitative causal effect (e.g., 'microwave data reduces 48h intensity error by X%') without qualifying that such estimates are correlational or confounded, or if it implies the literature resolves the isolated causal question.",FAILED,Unanswerable via missing causal isolation: ask about the specific causal contribution of a single forecast component when no study cleanly varies only that component while holding everything else constant.,question_pairs,Create,"The question asks for the development of new strategies, methods, or approaches to enhance typhoon forecasting, requiring original thinking and formulation of solutions.",Evaluate,"The question requires judging the specific value and contribution of one data source by comparing forecast performance with and without it, which demands critical appraisal of evidence to determine its isolated impact."
gems,Why do gems command high prices when their rarity is often artificially maintained through supply restriction?,"The answer must acknowledge BOTH that (1) certain gems (especially diamonds) have had their supply artificially restricted through documented cartel behavior or industry controls, citing specific evidence of supply manipulation, AND (2) this artificial scarcity coexists with or even dominates over geological rarity in determining market prices. Fails if it treats rarity purely as a geological/intrinsic property without discussing market-supply mechanisms, or if it presents physical properties as the sole price determinant while ignoring documented supply-restriction practices.",PASSED,Require synthesis across conflicting disciplinary framings: force the system to reconcile material-science claims about intrinsic properties with behavioral-economics findings about subjective valuation and constructed scarcity.,question_pairs,Remember,"The single word ""gems"" appears to be asking for basic recall of factual information about gems, requiring only retrieval of memorized knowledge.",Analyze,"The question requires drawing connections between economic concepts (supply restriction, artificial scarcity, pricing mechanisms) and examining the relationship between market manipulation and consumer behavior to explain a complex phenomenon."
gems,Why has artificial supply restriction succeeded in the diamond market but not the colored gemstone market?,"The answer must identify at least TWO structural differences between diamond and colored-gemstone markets that causally explain cartelization outcomes, citing evidence from its own sources. Required elements: (1) explicitly state that diamond cartelization succeeded (via De Beers or similar) while colored-gem markets remain unconcentrated/competitive, and (2) explain this divergence via concrete market-structure factors such as mine concentration (few large diamond sources vs many dispersed colored-gem deposits), vertical integration feasibility, or substitutability barriers. Fails if it only describes what happened without explaining WHY the outcomes differed, or if it treats all gemstone markets as having identical cartel potential.",PASSED,Require multi-step comparative reasoning to extract causal mechanisms that literature documents separately but never directly contrasts: why cartelization succeeded for diamonds but not colored gemstones.,question_pairs,Remember,"The single word ""gems"" appears to be asking for basic recall of factual information about gems, requiring only retrieval of memorized knowledge.",Analyze,"The question requires drawing connections between market characteristics, comparing two different markets (diamonds vs. colored gemstones), and examining the factors that explain differential outcomes of the same strategy."
gems,Why do synthetic diamonds command lower prices than natural diamonds despite having lower refractive indices?,"The answer must explicitly reject the premise by stating that synthetic diamonds do NOT have lower refractive indices than natural diamonds—they are optically identical when pure (both ~2.42 RI), citing evidence of this physical equivalence. It must then explain that the price discount exists for OTHER reasons such as consumer perception, branding, detection/disclosure concerns, or substitutability, not optical differences. Fails if it accepts the premise and attributes price differences to refractive index variations, or if it discusses synthetic vs natural diamonds without addressing whether their refractive indices actually differ.",FAILED,"False premise via conjunction: embed a physically false claim (synthetic diamonds have lower refractive index) with a real market phenomenon (price discount), where no source links them because the linkage is nonsensical, forcing the system to reason rather than retrieve.",question_pairs,Remember,"The single word ""gems"" appears to be asking for basic recall of factual information about gems, requiring only retrieval of memorized knowledge.",Analyze,"The question requires examining the relationship between multiple factors (price, synthetic vs. natural origin, and refractive index) and drawing connections to explain an apparent contradiction in market valuation."
A review on taxonomy and biogeography of the genus Acanthophyllum with emphasis on pollen morphological studies,A review on taxonomy and biogeography of the genus Acanthophyllum with emphasis on pollen morphological studies,"Describes the taxonomic classification and major species groups within the genus Acanthophyllum; Discusses the geographical distribution patterns or biogeographic regions where Acanthophyllum species are found; Includes specific details about pollen morphological characteristics (such as pollen shape, size, aperture type, or exine ornamentation) of Acanthophyllum species",FAILED,ALREADY_HARD (seed already hard; no rewrite),round0_already_hard,Create,"Writing a review requires synthesizing existing research on taxonomy, biogeography, and pollen morphology to produce an original scholarly work that integrates multiple sources and perspectives.",Create,"Writing a review requires synthesizing existing research on taxonomy, biogeography, and pollen morphology to produce an original scholarly work that integrates multiple sources and perspectives."
make a table  summarizing the effect of each cytokine in neurons and glial cells,make a table  summarizing the effect of each cytokine in neurons and glial cells,The answer presents information in a table format with clear rows and columns; The table includes effects for at least 5 distinct cytokines; The table distinguishes between effects on neurons and effects on glial cells as separate categories,FAILED,ALREADY_HARD (seed already hard; no rewrite),round0_already_hard,Create,The question requires producing an original synthesis by organizing and assembling information about multiple cytokines and their effects across different cell types into a new structured format (table).,Create,The question requires producing an original synthesis by organizing and assembling information about multiple cytokines and their effects across different cell types into a new structured format (table).
"provide a summary of the literature that reviews risk factors for the growth of kidney tumors. describe the study designs, number of patients, how tumor size was measured, length of follow-up, and the risk factors assessed in each study. provide the effect size and confidence intervals for any risk factors identified","provide a summary of the literature that reviews risk factors for the growth of kidney tumors. describe the study designs, number of patients, how tumor size was measured, length of follow-up, and the risk factors assessed in each study. provide the effect size and confidence intervals for any risk factors identified","Reports specific study design types (e.g., retrospective cohort, prospective cohort, case-control) for each included study; Provides quantitative effect sizes (e.g., hazard ratios, odds ratios, growth rates) with confidence intervals for identified risk factors; Specifies both the method of tumor size measurement (e.g., CT, MRI, ultrasound) and length of follow-up period for each study",FAILED,ALREADY_HARD (seed already hard; no rewrite),round0_already_hard,Analyze,"The question requires synthesizing information from multiple studies, comparing methodologies, organizing data across different dimensions (study design, sample size, measurements, risk factors), and drawing connections among findings to create a comprehensive literature review.",Analyze,"The question requires synthesizing information from multiple studies, comparing methodologies, organizing data across different dimensions (study design, sample size, measurements, risk factors), and drawing connections among findings to create a comprehensive literature review."
what is the effect of PPY knockout in mice? and impairment in humans ?,what is the effect of PPY knockout in mice? and impairment in humans ?,Describes at least one specific phenotypic effect observed in PPY knockout mice; Identifies at least one disease or condition associated with PPY impairment in humans; Cites at least 2 distinct sources supporting the described effects,FAILED,ALREADY_HARD (seed already hard; no rewrite),round0_already_hard,Understand,"The question asks for explanation and description of known effects of PPY knockout in mice and impairments in humans, requiring the answerer to explain established scientific concepts rather than analyze relationships or create new knowledge.",Understand,"The question asks for explanation and description of known effects of PPY knockout in mice and impairments in humans, requiring the answerer to explain established scientific concepts rather than analyze relationships or create new knowledge."
What is the role of lactic acid in Monday morning sickness in horses?,What is the role of lactic acid in Monday morning sickness in horses?,"Explains the relationship between lactic acid accumulation and Monday morning sickness (exertional rhabdomyolysis) in horses; Cites at least 2 distinct academic sources about equine Monday morning sickness or exertional rhabdomyolysis; Describes the mechanism by which lactic acid contributes to the condition or explains whether lactic acid is a cause, effect, or misconception",FAILED,ALREADY_HARD (seed already hard; no rewrite),round0_already_hard,Understand,"The question asks the answerer to explain the role or function of lactic acid in a specific condition, requiring comprehension and description of the relationship between lactic acid and Monday morning sickness in horses.",Understand,"The question asks the answerer to explain the role or function of lactic acid in a specific condition, requiring comprehension and description of the relationship between lactic acid and Monday morning sickness in horses."
